,n-sto,ps-pi1,ps-pi2,or-pi1,or-pi2,sn-c,sn-sto,sto-li,cph-cph,sbal-ls1,sbal-ls2,tn-n,tn-gn,n-gn,sn-gn,zy-zy,go-go,en-en,ex-ex,n-sn,al-al,ch-ch,"n-gn,zy-zy","sto-gn,go-go","en-en,ex-ex","ex-en,en-en","ps-pi,ex-en","al-al,n-sn","ls-sto,sto-li","ch-ch,zy-zy",cl_lips,ca_lips,cb_lips,cl_eyes,ca_eyes,cb_eyes,cl_eyebrows,ca_eyebrows,cb_eyebrows
0,0.357,0.04,0.046,0.085,0.085,0.05,0.117,0.04,0.106,0.065,0.057,0.201,0.772,0.579,0.339,0.636,0.474,0.177,0.388,0.241,0.152,0.367,0.828,0.47,0.456,0.582,0.417,0.631,0.393,0.577,0.455,0.396,0.398,0.183,0.175,0.18,0.45,0.383,0.386
1,0.315,0.044,0.035,0.105,0.101,0.07,0.094,0.033,0.07,0.051,0.062,0.259,0.8,0.543,0.323,0.6,0.396,0.141,0.316,0.227,0.13,0.265,0.823,0.578,0.446,0.738,0.38,0.573,0.365,0.442,0.521,0.551,0.553,0.279,0.269,0.277,0.663,0.623,0.624
2,0.368,0.042,0.039,0.074,0.07,0.051,0.124,0.037,0.115,0.06,0.065,0.184,0.768,0.584,0.341,0.64,0.446,0.189,0.41,0.244,0.147,0.368,0.83,0.484,0.461,0.566,0.379,0.602,0.509,0.575,0.758,0.622,0.624,0.193,0.194,0.2,0.497,0.437,0.44
3,0.325,0.051,0.043,0.127,0.108,0.095,0.122,0.032,0.073,0.081,0.085,0.214,0.753,0.55,0.347,0.658,0.504,0.172,0.401,0.204,0.14,0.293,0.761,0.446,0.429,0.669,0.409,0.686,0.358,0.445,0.507,0.428,0.434,0.183,0.216,0.219,0.341,0.315,0.313
4,0.35,0.063,0.068,0.147,0.147,0.083,0.115,0.047,0.055,0.085,0.079,0.215,0.778,0.589,0.354,0.628,0.427,0.168,0.394,0.235,0.113,0.175,0.854,0.562,0.426,0.661,0.59,0.481,0.178,0.279,0.47,0.388,0.393,0.244,0.24,0.239,0.33,0.307,0.309
5,0.37,0.042,0.049,0.127,0.12,0.092,0.173,0.026,0.081,0.073,0.077,0.15,0.753,0.605,0.406,0.658,0.47,0.185,0.406,0.199,0.116,0.289,0.836,0.5,0.456,0.622,0.396,0.583,0.859,0.439,0.485,0.398,0.399,0.213,0.192,0.187,0.338,0.303,0.294
6,0.357,0.043,0.056,0.11,0.117,0.098,0.185,0.049,0.073,0.058,0.068,0.259,0.819,0.574,0.402,0.574,0.387,0.14,0.353,0.172,0.11,0.274,0.91,0.566,0.397,0.7,0.505,0.64,0.495,0.477,0.411,0.343,0.355,0.184,0.148,0.154,0.22,0.21,0.215
7,0.344,0.044,0.049,0.098,0.108,0.059,0.128,0.029,0.099,0.057,0.063,0.226,0.786,0.56,0.344,0.619,0.462,0.177,0.383,0.216,0.128,0.344,0.823,0.468,0.462,0.61,0.431,0.593,0.589,0.556,0.567,0.501,0.504,0.212,0.216,0.217,0.536,0.517,0.521
8,0.384,0.04,0.044,0.082,0.088,0.048,0.15,0.042,0.097,0.063,0.05,0.197,0.779,0.586,0.35,0.627,0.443,0.174,0.386,0.236,0.132,0.336,0.851,0.456,0.451,0.626,0.385,0.559,0.55,0.536,0.611,0.515,0.517,0.151,0.148,0.154,0.431,0.374,0.378
9,0.302,0.049,0.059,0.109,0.103,0.096,0.11,0.032,0.08,0.054,0.059,0.2,0.75,0.551,0.359,0.662,0.5,0.161,0.379,0.193,0.125,0.314,0.757,0.498,0.425,0.627,0.535,0.648,0.431,0.474,0.471,0.383,0.391,0.201,0.202,0.207,0.385,0.309,0.307
10,0.348,0.065,0.059,0.115,0.108,0.066,0.108,0.025,0.09,0.072,0.07,0.191,0.78,0.589,0.348,0.626,0.488,0.186,0.421,0.24,0.12,0.336,0.856,0.494,0.442,0.656,0.508,0.5,0.466,0.537,0.485,0.424,0.434,0.283,0.256,0.267,0.437,0.377,0.38
11,0.362,0.055,0.052,0.103,0.091,0.058,0.129,0.029,0.091,0.08,0.075,0.208,0.769,0.577,0.344,0.64,0.463,0.179,0.414,0.233,0.155,0.358,0.821,0.464,0.432,0.665,0.45,0.665,0.542,0.559,0.408,0.374,0.379,0.193,0.181,0.187,0.266,0.262,0.264
12,0.289,0.031,0.048,0.11,0.11,0.068,0.11,0.022,0.089,0.061,0.068,0.325,0.809,0.489,0.31,0.588,0.435,0.158,0.378,0.179,0.132,0.31,0.757,0.46,0.418,0.696,0.359,0.737,0.6,0.527,0.551,0.407,0.41,0.199,0.198,0.201,0.313,0.253,0.254
13,0.373,0.044,0.047,0.099,0.098,0.06,0.131,0.04,0.092,0.079,0.084,0.163,0.739,0.577,0.334,0.673,0.516,0.177,0.425,0.242,0.157,0.34,0.78,0.393,0.416,0.706,0.364,0.649,0.383,0.505,0.694,0.556,0.554,0.224,0.243,0.245,0.486,0.474,0.476
14,0.374,0.053,0.054,0.106,0.113,0.067,0.135,0.037,0.089,0.07,0.071,0.156,0.761,0.605,0.366,0.649,0.492,0.187,0.418,0.239,0.12,0.321,0.848,0.472,0.447,0.599,0.478,0.502,0.43,0.495,0.452,0.381,0.382,0.225,0.213,0.221,0.482,0.428,0.429
15,0.348,0.067,0.057,0.111,0.111,0.063,0.111,0.05,0.095,0.045,0.045,0.205,0.775,0.57,0.332,0.632,0.474,0.174,0.411,0.238,0.126,0.348,0.821,0.468,0.423,0.724,0.492,0.529,0.369,0.551,0.648,0.562,0.57,0.189,0.184,0.189,0.521,0.522,0.525
16,0.315,0.044,0.035,0.098,0.098,0.069,0.104,0.031,0.079,0.056,0.064,0.263,0.796,0.537,0.323,0.605,0.433,0.158,0.346,0.217,0.128,0.315,0.808,0.51,0.457,0.595,0.42,0.59,0.432,0.521,0.811,0.576,0.58,0.204,0.206,0.208,0.328,0.278,0.281
17,0.358,0.058,0.044,0.15,0.125,0.089,0.156,0.039,0.075,0.07,0.081,0.223,0.772,0.562,0.362,0.635,0.433,0.151,0.388,0.203,0.125,0.256,0.805,0.476,0.389,0.788,0.429,0.616,0.438,0.403,0.51,0.386,0.394,0.297,0.23,0.238,0.442,0.321,0.335
18,0.335,0.039,0.051,0.122,0.099,0.106,0.165,0.035,0.089,0.072,0.074,0.184,0.733,0.567,0.396,0.68,0.486,0.171,0.403,0.171,0.143,0.319,0.759,0.477,0.424,0.719,0.366,0.836,0.61,0.469,0.454,0.408,0.415,0.169,0.165,0.17,0.253,0.248,0.25
19,0.352,0.062,0.055,0.137,0.129,0.085,0.155,0.034,0.069,0.081,0.088,0.172,0.73,0.558,0.363,0.683,0.419,0.163,0.403,0.198,0.12,0.292,0.743,0.496,0.404,0.847,0.424,0.606,0.445,0.428,0.644,0.523,0.532,0.254,0.227,0.233,0.513,0.454,0.458
20,0.38,0.058,0.065,0.105,0.118,0.065,0.144,0.026,0.118,0.065,0.065,0.144,0.745,0.602,0.366,0.667,0.497,0.196,0.444,0.236,0.131,0.366,0.822,0.447,0.441,0.668,0.469,0.555,0.784,0.549,0.589,0.486,0.489,0.208,0.202,0.208,0.587,0.534,0.533
21,0.436,0.049,0.052,0.113,0.113,0.09,0.221,0.059,0.067,0.107,0.1,0.155,0.777,0.623,0.408,0.63,0.466,0.178,0.402,0.215,0.126,0.259,0.9,0.403,0.443,0.624,0.455,0.586,0.415,0.411,0.558,0.478,0.482,0.179,0.187,0.193,0.362,0.314,0.309
22,0.306,0.041,0.048,0.108,0.115,0.092,0.112,0.027,0.058,0.064,0.068,0.272,0.785,0.528,0.335,0.62,0.428,0.142,0.335,0.196,0.112,0.223,0.775,0.521,0.424,0.62,0.506,0.571,0.439,0.36,0.554,0.468,0.471,0.32,0.263,0.271,0.283,0.289,0.289
23,0.367,0.059,0.062,0.097,0.097,0.051,0.117,0.036,0.107,0.065,0.058,0.143,0.735,0.592,0.342,0.679,0.5,0.184,0.444,0.25,0.153,0.383,0.793,0.45,0.414,0.728,0.451,0.612,0.469,0.564,0.623,0.526,0.534,0.25,0.238,0.245,0.634,0.616,0.616
24,0.351,0.063,0.063,0.125,0.125,0.084,0.137,0.036,0.089,0.069,0.064,0.148,0.73,0.582,0.368,0.683,0.512,0.184,0.434,0.215,0.131,0.333,0.775,0.451,0.424,0.712,0.481,0.609,0.48,0.488,0.395,0.388,0.402,0.212,0.191,0.202,0.328,0.253,0.264
25,0.351,0.027,0.038,0.108,0.123,0.098,0.2,0.039,0.059,0.076,0.056,0.266,0.817,0.552,0.405,0.577,0.395,0.107,0.277,0.157,0.133,0.25,0.871,0.519,0.386,0.598,0.508,0.847,0.747,0.433,0.603,0.527,0.531,0.207,0.158,0.166,0.362,0.37,0.371
26,0.313,0.049,0.041,0.099,0.086,0.061,0.129,0.03,0.099,0.061,0.054,0.272,0.777,0.515,0.331,0.629,0.458,0.176,0.378,0.185,0.116,0.318,0.745,0.441,0.466,0.563,0.455,0.627,0.621,0.506,0.577,0.484,0.485,0.181,0.174,0.174,0.482,0.426,0.431
27,0.333,0.042,0.048,0.082,0.086,0.051,0.109,0.034,0.087,0.054,0.048,0.272,0.806,0.539,0.316,0.591,0.435,0.169,0.378,0.224,0.142,0.324,0.83,0.474,0.447,0.592,0.45,0.634,0.508,0.548,0.592,0.469,0.47,0.212,0.211,0.216,0.414,0.361,0.367
28,0.318,0.06,0.06,0.113,0.103,0.084,0.098,0.037,0.057,0.08,0.077,0.243,0.787,0.545,0.324,0.617,0.433,0.141,0.349,0.224,0.122,0.234,0.803,0.524,0.404,0.667,0.638,0.545,0.205,0.379,0.535,0.453,0.457,0.309,0.279,0.288,0.55,0.501,0.504
29,0.332,0.045,0.032,0.085,0.085,0.077,0.128,0.032,0.083,0.054,0.072,0.242,0.781,0.545,0.34,0.624,0.43,0.15,0.348,0.208,0.13,0.313,0.794,0.495,0.431,0.72,0.356,0.625,0.564,0.502,0.638,0.599,0.601,0.204,0.195,0.201,0.593,0.532,0.54
30,0.344,0.047,0.038,0.076,0.083,0.064,0.152,0.032,0.1,0.063,0.07,0.253,0.794,0.546,0.353,0.608,0.439,0.163,0.371,0.194,0.132,0.324,0.817,0.46,0.439,0.656,0.397,0.68,0.643,0.533,0.577,0.468,0.484,0.159,0.158,0.166,0.379,0.341,0.344
31,0.332,0.056,0.06,0.105,0.106,0.068,0.106,0.041,0.056,0.087,0.082,0.255,0.778,0.538,0.314,0.628,0.419,0.152,0.36,0.227,0.113,0.246,0.78,0.496,0.422,0.618,0.617,0.498,0.185,0.392,0.306,0.338,0.346,0.264,0.226,0.241,0.31,0.246,0.251
32,0.342,0.059,0.059,0.089,0.089,0.057,0.106,0.041,0.098,0.058,0.052,0.22,0.773,0.553,0.317,0.635,0.464,0.172,0.416,0.236,0.139,0.366,0.793,0.457,0.413,0.715,0.48,0.589,0.388,0.576,0.596,0.501,0.506,0.226,0.218,0.223,0.674,0.623,0.623
33,0.38,0.046,0.036,0.09,0.084,0.059,0.175,0.041,0.105,0.057,0.063,0.191,0.784,0.604,0.396,0.621,0.439,0.164,0.374,0.209,0.151,0.334,0.885,0.513,0.439,0.604,0.414,0.722,0.677,0.538,0.495,0.442,0.447,0.156,0.146,0.15,0.323,0.301,0.302
34,0.348,0.065,0.046,0.124,0.123,0.104,0.144,0.041,0.061,0.084,0.091,0.204,0.757,0.553,0.35,0.654,0.47,0.185,0.429,0.204,0.123,0.226,0.77,0.436,0.431,0.773,0.388,0.603,0.388,0.346,0.65,0.526,0.526,0.321,0.257,0.26,0.509,0.458,0.459
35,0.305,0.057,0.056,0.114,0.115,0.069,0.083,0.039,0.076,0.055,0.063,0.224,0.763,0.54,0.317,0.646,0.458,0.162,0.401,0.224,0.13,0.31,0.761,0.513,0.404,0.772,0.452,0.58,0.224,0.48,0.641,0.443,0.444,0.289,0.25,0.271,0.481,0.461,0.465
36,0.334,0.047,0.032,0.135,0.117,0.101,0.164,0.047,0.052,0.063,0.067,0.227,0.766,0.543,0.376,0.643,0.426,0.143,0.339,0.171,0.117,0.197,0.768,0.5,0.422,0.783,0.353,0.684,0.442,0.306,0.515,0.516,0.521,0.26,0.211,0.219,0.59,0.598,0.601
37,0.34,0.064,0.061,0.117,0.131,0.062,0.089,0.035,0.052,0.096,0.115,0.221,0.767,0.569,0.317,0.641,0.429,0.172,0.396,0.254,0.12,0.229,0.808,0.534,0.434,0.622,0.584,0.472,0.194,0.357,0.4,0.376,0.381,0.269,0.273,0.276,0.238,0.232,0.231
38,0.308,0.057,0.062,0.114,0.12,0.08,0.093,0.048,0.066,0.074,0.07,0.256,0.781,0.527,0.315,0.625,0.442,0.153,0.376,0.218,0.138,0.252,0.767,0.502,0.407,0.647,0.601,0.633,0.154,0.403,0.532,0.462,0.455,0.317,0.269,0.28,0.382,0.345,0.346
39,0.29,0.04,0.046,0.102,0.091,0.089,0.113,0.035,0.081,0.071,0.07,0.222,0.756,0.535,0.358,0.654,0.488,0.161,0.355,0.178,0.124,0.318,0.744,0.502,0.454,0.565,0.473,0.697,0.316,0.486,0.515,0.403,0.405,0.199,0.202,0.206,0.473,0.403,0.403
40,0.373,0.053,0.06,0.092,0.092,0.06,0.135,0.033,0.089,0.062,0.06,0.205,0.754,0.553,0.315,0.656,0.473,0.178,0.418,0.238,0.135,0.358,0.767,0.383,0.426,0.663,0.479,0.567,0.606,0.546,0.437,0.411,0.416,0.169,0.179,0.18,0.485,0.428,0.43
41,0.336,0.045,0.046,0.122,0.12,0.088,0.143,0.032,0.096,0.069,0.064,0.167,0.744,0.577,0.384,0.668,0.523,0.183,0.431,0.194,0.136,0.359,0.786,0.461,0.425,0.699,0.355,0.701,0.583,0.537,0.737,0.561,0.563,0.2,0.193,0.197,0.404,0.362,0.364
42,0.355,0.029,0.037,0.105,0.125,0.065,0.117,0.037,0.042,0.088,0.072,0.267,0.83,0.567,0.329,0.558,0.422,0.103,0.247,0.238,0.093,0.155,0.924,0.502,0.417,0.602,0.532,0.391,0.273,0.278,0.643,0.549,0.551,0.357,0.294,0.301,0.496,0.418,0.421
43,0.364,0.045,0.073,0.143,0.143,0.101,0.143,0.02,0.061,0.073,0.045,0.121,0.727,0.606,0.384,0.687,0.485,0.183,0.426,0.222,0.121,0.323,0.803,0.499,0.43,0.661,0.488,0.545,1.0,0.47,0.488,0.504,0.504,0.265,0.255,0.261,0.327,0.267,0.272
44,0.327,0.051,0.053,0.094,0.09,0.061,0.109,0.037,0.093,0.059,0.052,0.259,0.791,0.535,0.317,0.612,0.446,0.162,0.378,0.219,0.126,0.314,0.795,0.466,0.429,0.679,0.473,0.575,0.409,0.513,0.486,0.424,0.426,0.197,0.19,0.197,0.398,0.345,0.35
45,0.312,0.039,0.046,0.129,0.137,0.103,0.162,0.031,0.039,0.088,0.093,0.27,0.819,0.552,0.403,0.573,0.385,0.084,0.236,0.151,0.088,0.151,0.876,0.629,0.356,0.762,0.664,0.583,0.463,0.264,0.536,0.532,0.532,0.29,0.267,0.27,0.418,0.396,0.395
46,0.377,0.053,0.057,0.098,0.098,0.059,0.123,0.043,0.103,0.065,0.053,0.144,0.768,0.624,0.37,0.641,0.458,0.169,0.408,0.254,0.153,0.352,0.885,0.539,0.414,0.663,0.491,0.602,0.461,0.549,0.553,0.495,0.491,0.198,0.184,0.192,0.539,0.459,0.463
47,0.399,0.037,0.045,0.181,0.185,0.072,0.176,0.048,0.066,0.083,0.085,0.251,0.811,0.56,0.339,0.585,0.373,0.142,0.341,0.223,0.114,0.209,0.871,0.453,0.416,0.599,0.482,0.511,0.421,0.357,0.841,0.584,0.579,0.305,0.219,0.231,0.525,0.412,0.414
48,0.341,0.049,0.056,0.091,0.091,0.061,0.109,0.043,0.099,0.073,0.054,0.217,0.765,0.56,0.328,0.644,0.465,0.159,0.391,0.232,0.134,0.344,0.792,0.471,0.407,0.704,0.469,0.578,0.33,0.534,0.469,0.407,0.414,0.223,0.21,0.213,0.412,0.38,0.381
49,0.32,0.035,0.048,0.098,0.091,0.078,0.127,0.035,0.077,0.06,0.055,0.282,0.791,0.518,0.325,0.612,0.425,0.137,0.312,0.194,0.127,0.292,0.77,0.466,0.439,0.591,0.512,0.655,0.494,0.477,0.427,0.426,0.429,0.184,0.177,0.182,0.295,0.236,0.246
50,0.332,0.048,0.037,0.15,0.148,0.07,0.112,0.038,0.067,0.075,0.084,0.303,0.816,0.525,0.309,0.578,0.356,0.148,0.346,0.225,0.154,0.249,0.826,0.556,0.428,0.703,0.409,0.684,0.302,0.431,0.691,0.584,0.586,0.256,0.247,0.258,0.544,0.473,0.48
51,0.404,0.045,0.05,0.122,0.141,0.054,0.185,0.05,0.068,0.07,0.055,0.27,0.821,0.554,0.336,0.571,0.342,0.14,0.317,0.221,0.122,0.23,0.883,0.444,0.442,0.579,0.586,0.552,0.528,0.403,0.529,0.438,0.444,0.212,0.177,0.181,0.25,0.255,0.254
52,0.323,0.025,0.031,0.11,0.106,0.089,0.115,0.039,0.043,0.075,0.072,0.27,0.814,0.544,0.338,0.581,0.402,0.098,0.231,0.215,0.114,0.168,0.852,0.555,0.424,0.48,0.596,0.53,0.299,0.289,0.531,0.474,0.477,0.236,0.211,0.215,0.435,0.4,0.402
53,0.381,0.055,0.059,0.129,0.139,0.069,0.129,0.046,0.067,0.092,0.088,0.165,0.752,0.588,0.335,0.659,0.474,0.175,0.417,0.252,0.144,0.263,0.812,0.435,0.42,0.674,0.483,0.571,0.241,0.399,0.482,0.479,0.478,0.287,0.274,0.28,0.429,0.413,0.414
54,0.344,0.049,0.058,0.09,0.093,0.065,0.112,0.037,0.099,0.068,0.057,0.233,0.775,0.553,0.321,0.632,0.456,0.167,0.406,0.233,0.13,0.342,0.796,0.458,0.411,0.695,0.461,0.558,0.42,0.541,0.391,0.351,0.353,0.197,0.186,0.189,0.333,0.311,0.314
55,0.332,0.049,0.048,0.096,0.09,0.06,0.117,0.026,0.096,0.063,0.052,0.252,0.785,0.537,0.322,0.619,0.454,0.166,0.384,0.215,0.122,0.319,0.79,0.452,0.432,0.651,0.449,0.567,0.62,0.515,0.485,0.444,0.445,0.218,0.214,0.219,0.508,0.468,0.471
56,0.359,0.062,0.057,0.095,0.095,0.055,0.115,0.035,0.105,0.06,0.057,0.17,0.748,0.579,0.334,0.663,0.494,0.18,0.435,0.244,0.15,0.369,0.794,0.445,0.414,0.733,0.451,0.615,0.472,0.557,0.602,0.502,0.509,0.232,0.221,0.227,0.634,0.614,0.616
57,0.368,0.073,0.064,0.123,0.103,0.064,0.123,0.02,0.083,0.073,0.064,0.202,0.792,0.593,0.348,0.61,0.467,0.186,0.391,0.245,0.103,0.328,0.884,0.482,0.476,0.543,0.678,0.42,0.806,0.538,0.443,0.361,0.361,0.267,0.254,0.26,0.464,0.421,0.423
58,0.356,0.052,0.053,0.079,0.084,0.055,0.123,0.037,0.101,0.052,0.068,0.201,0.768,0.568,0.335,0.641,0.449,0.159,0.399,0.233,0.144,0.366,0.806,0.472,0.398,0.78,0.423,0.618,0.499,0.571,0.518,0.505,0.503,0.197,0.191,0.199,0.575,0.566,0.566
59,0.336,0.045,0.036,0.082,0.089,0.057,0.117,0.032,0.097,0.047,0.08,0.25,0.78,0.549,0.33,0.626,0.458,0.178,0.387,0.219,0.148,0.356,0.798,0.467,0.46,0.551,0.413,0.676,0.57,0.569,0.466,0.434,0.437,0.168,0.154,0.157,0.352,0.315,0.318
60,0.398,0.048,0.042,0.094,0.097,0.069,0.176,0.051,0.108,0.057,0.072,0.141,0.764,0.631,0.409,0.646,0.447,0.173,0.388,0.224,0.152,0.352,0.889,0.521,0.446,0.561,0.464,0.679,0.548,0.545,0.397,0.372,0.373,0.155,0.148,0.152,0.316,0.286,0.288
61,0.325,0.041,0.04,0.089,0.08,0.049,0.118,0.04,0.099,0.062,0.052,0.272,0.801,0.533,0.325,0.598,0.44,0.167,0.365,0.207,0.129,0.325,0.811,0.47,0.458,0.581,0.418,0.623,0.427,0.543,0.523,0.425,0.431,0.194,0.191,0.197,0.458,0.366,0.371
62,0.311,0.044,0.038,0.138,0.129,0.077,0.096,0.032,0.086,0.081,0.071,0.191,0.768,0.578,0.364,0.64,0.48,0.183,0.398,0.215,0.119,0.311,0.822,0.556,0.46,0.585,0.383,0.553,0.206,0.486,0.607,0.556,0.563,0.302,0.298,0.298,0.397,0.318,0.323
63,0.346,0.042,0.047,0.159,0.14,0.089,0.098,0.037,0.075,0.059,0.066,0.159,0.748,0.589,0.341,0.664,0.449,0.15,0.365,0.254,0.131,0.29,0.807,0.546,0.411,0.813,0.365,0.516,0.299,0.437,0.645,0.497,0.503,0.285,0.258,0.26,0.475,0.474,0.471
64,0.389,0.046,0.049,0.096,0.101,0.059,0.165,0.043,0.085,0.088,0.088,0.256,0.81,0.554,0.33,0.587,0.418,0.155,0.352,0.224,0.107,0.282,0.859,0.395,0.44,0.619,0.495,0.478,0.411,0.48,0.678,0.518,0.525,0.212,0.208,0.209,0.536,0.478,0.482
65,0.257,0.055,0.055,0.117,0.121,0.101,0.094,0.039,0.051,0.087,0.089,0.234,0.736,0.507,0.343,0.677,0.459,0.183,0.424,0.164,0.14,0.257,0.682,0.547,0.432,0.683,0.44,0.854,0.06,0.38,0.546,0.4,0.402,0.228,0.235,0.237,0.307,0.249,0.251
66,0.369,0.054,0.054,0.1,0.1,0.054,0.127,0.033,0.121,0.062,0.067,0.154,0.743,0.589,0.348,0.669,0.509,0.188,0.428,0.241,0.154,0.395,0.801,0.434,0.439,0.644,0.446,0.639,0.512,0.59,0.562,0.469,0.473,0.188,0.176,0.182,0.456,0.372,0.375
67,0.393,0.049,0.053,0.089,0.091,0.05,0.147,0.044,0.107,0.066,0.061,0.156,0.756,0.602,0.355,0.655,0.464,0.196,0.416,0.247,0.144,0.365,0.836,0.45,0.471,0.571,0.455,0.583,0.503,0.557,0.595,0.508,0.517,0.183,0.188,0.197,0.465,0.398,0.401
68,0.329,0.051,0.052,0.099,0.102,0.06,0.108,0.03,0.087,0.065,0.061,0.265,0.784,0.527,0.306,0.621,0.477,0.169,0.398,0.221,0.144,0.336,0.773,0.415,0.425,0.663,0.46,0.652,0.466,0.541,0.488,0.408,0.418,0.212,0.204,0.21,0.461,0.377,0.383
69,0.342,0.041,0.033,0.119,0.12,0.084,0.139,0.03,0.099,0.067,0.058,0.158,0.748,0.589,0.386,0.664,0.496,0.178,0.406,0.203,0.149,0.357,0.807,0.5,0.438,0.669,0.311,0.734,0.641,0.538,0.666,0.536,0.535,0.209,0.2,0.205,0.347,0.322,0.326
70,0.378,0.04,0.048,0.086,0.092,0.058,0.135,0.041,0.101,0.063,0.067,0.161,0.763,0.603,0.36,0.646,0.463,0.181,0.418,0.243,0.142,0.362,0.849,0.486,0.433,0.652,0.373,0.584,0.45,0.56,0.739,0.509,0.512,0.201,0.195,0.196,0.491,0.413,0.417
71,0.331,0.031,0.055,0.083,0.116,0.078,0.114,0.046,0.058,0.089,0.068,0.232,0.736,0.522,0.308,0.677,0.401,0.153,0.376,0.22,0.141,0.216,0.702,0.486,0.407,0.621,0.453,0.641,0.207,0.319,0.468,0.383,0.383,0.294,0.278,0.281,0.233,0.219,0.222
72,0.329,0.034,0.044,0.092,0.092,0.075,0.13,0.038,0.067,0.07,0.073,0.243,0.784,0.541,0.346,0.621,0.405,0.138,0.305,0.202,0.124,0.229,0.793,0.538,0.452,0.522,0.542,0.614,0.393,0.369,0.536,0.428,0.427,0.203,0.2,0.202,0.54,0.513,0.514
73,0.363,0.043,0.038,0.085,0.085,0.06,0.134,0.036,0.111,0.06,0.054,0.192,0.759,0.568,0.339,0.651,0.482,0.193,0.412,0.229,0.146,0.375,0.794,0.425,0.468,0.565,0.372,0.638,0.588,0.576,0.58,0.454,0.453,0.209,0.212,0.215,0.568,0.506,0.506
74,0.29,0.056,0.063,0.097,0.124,0.08,0.115,0.028,0.051,0.08,0.079,0.249,0.76,0.536,0.356,0.65,0.438,0.15,0.34,0.185,0.106,0.229,0.751,0.559,0.441,0.527,0.753,0.573,0.27,0.352,0.433,0.412,0.416,0.294,0.289,0.294,0.311,0.292,0.294
75,0.362,0.033,0.046,0.094,0.109,0.094,0.164,0.04,0.047,0.072,0.077,0.234,0.805,0.57,0.378,0.593,0.402,0.109,0.275,0.201,0.086,0.188,0.874,0.535,0.396,0.587,0.617,0.428,0.495,0.317,0.667,0.558,0.561,0.257,0.189,0.196,0.414,0.335,0.343
76,0.429,0.056,0.061,0.127,0.145,0.048,0.152,0.038,0.049,0.109,0.12,0.244,0.837,0.6,0.322,0.546,0.377,0.16,0.347,0.277,0.106,0.165,1.0,0.454,0.461,0.569,0.643,0.383,0.261,0.302,0.31,0.442,0.445,0.359,0.301,0.305,0.334,0.28,0.291
77,0.36,0.041,0.04,0.082,0.092,0.069,0.16,0.025,0.082,0.049,0.065,0.217,0.786,0.571,0.37,0.619,0.417,0.158,0.333,0.202,0.123,0.296,0.839,0.506,0.474,0.595,0.431,0.609,0.955,0.478,0.618,0.568,0.567,0.174,0.177,0.182,0.59,0.523,0.525
78,0.364,0.048,0.048,0.086,0.086,0.055,0.107,0.043,0.107,0.061,0.061,0.15,0.738,0.589,0.332,0.674,0.492,0.204,0.439,0.257,0.15,0.385,0.795,0.457,0.465,0.578,0.407,0.584,0.388,0.571,0.684,0.626,0.629,0.211,0.212,0.219,0.495,0.449,0.451
79,0.361,0.056,0.056,0.122,0.122,0.071,0.138,0.048,0.064,0.076,0.079,0.169,0.757,0.587,0.365,0.654,0.473,0.164,0.386,0.224,0.117,0.265,0.817,0.482,0.425,0.707,0.483,0.522,0.299,0.405,0.496,0.467,0.475,0.271,0.233,0.253,0.599,0.574,0.573
80,0.366,0.045,0.053,0.09,0.087,0.05,0.132,0.034,0.099,0.077,0.058,0.227,0.777,0.567,0.333,0.629,0.456,0.177,0.399,0.234,0.158,0.366,0.82,0.441,0.444,0.616,0.45,0.675,0.571,0.582,0.415,0.38,0.381,0.169,0.162,0.168,0.27,0.263,0.263
81,0.377,0.05,0.037,0.093,0.095,0.06,0.156,0.037,0.105,0.05,0.077,0.191,0.769,0.589,0.369,0.64,0.458,0.183,0.399,0.221,0.145,0.363,0.837,0.463,0.459,0.612,0.388,0.656,0.677,0.567,0.534,0.483,0.482,0.152,0.151,0.153,0.428,0.378,0.38
82,0.362,0.058,0.057,0.114,0.105,0.06,0.13,0.031,0.105,0.069,0.071,0.171,0.765,0.595,0.363,0.645,0.479,0.188,0.414,0.232,0.137,0.369,0.839,0.486,0.454,0.596,0.513,0.591,0.52,0.572,0.478,0.411,0.41,0.201,0.19,0.197,0.471,0.428,0.433
83,0.335,0.056,0.05,0.115,0.109,0.079,0.111,0.039,0.07,0.066,0.063,0.187,0.755,0.583,0.36,0.656,0.452,0.17,0.399,0.224,0.145,0.285,0.809,0.551,0.426,0.712,0.438,0.647,0.349,0.434,0.469,0.433,0.443,0.194,0.2,0.2,0.37,0.343,0.354
84,0.319,0.041,0.052,0.119,0.118,0.094,0.113,0.038,0.046,0.069,0.069,0.237,0.786,0.549,0.349,0.619,0.402,0.128,0.283,0.213,0.109,0.192,0.807,0.59,0.452,0.43,0.845,0.512,0.296,0.31,0.553,0.47,0.479,0.261,0.241,0.245,0.444,0.411,0.415
85,0.34,0.049,0.053,0.093,0.101,0.058,0.12,0.027,0.101,0.058,0.052,0.219,0.789,0.571,0.351,0.614,0.452,0.184,0.423,0.22,0.147,0.348,0.846,0.511,0.435,0.652,0.425,0.668,0.669,0.567,0.659,0.574,0.574,0.204,0.207,0.212,0.568,0.518,0.519
86,0.384,0.047,0.043,0.111,0.103,0.062,0.142,0.036,0.095,0.061,0.062,0.211,0.8,0.601,0.359,0.6,0.428,0.165,0.376,0.242,0.133,0.315,0.912,0.507,0.439,0.661,0.413,0.55,0.572,0.525,0.307,0.279,0.279,0.147,0.135,0.139,0.199,0.184,0.187
87,0.288,0.044,0.064,0.119,0.119,0.091,0.095,0.035,0.08,0.07,0.084,0.219,0.748,0.535,0.342,0.663,0.501,0.163,0.402,0.193,0.129,0.285,0.734,0.493,0.405,0.699,0.474,0.668,0.194,0.43,0.367,0.248,0.251,0.242,0.247,0.25,0.282,0.265,0.269
88,0.277,0.03,0.038,0.083,0.084,0.075,0.132,0.023,0.073,0.064,0.061,0.296,0.768,0.474,0.331,0.641,0.446,0.122,0.282,0.15,0.118,0.246,0.672,0.446,0.433,0.484,0.576,0.787,0.726,0.384,0.293,0.317,0.313,0.158,0.165,0.167,0.263,0.229,0.233
89,0.343,0.06,0.066,0.114,0.108,0.057,0.122,0.029,0.086,0.073,0.068,0.242,0.799,0.557,0.335,0.601,0.471,0.172,0.4,0.221,0.115,0.3,0.843,0.454,0.43,0.663,0.553,0.52,0.435,0.499,0.497,0.432,0.435,0.274,0.263,0.267,0.595,0.586,0.588
90,0.362,0.05,0.042,0.125,0.127,0.072,0.149,0.042,0.053,0.079,0.076,0.25,0.821,0.578,0.37,0.571,0.339,0.114,0.265,0.217,0.114,0.195,0.921,0.652,0.43,0.816,0.495,0.525,0.393,0.342,0.634,0.583,0.582,0.286,0.241,0.243,0.662,0.528,0.527
91,0.36,0.047,0.035,0.085,0.089,0.067,0.127,0.022,0.085,0.079,0.079,0.221,0.777,0.571,0.338,0.629,0.434,0.162,0.381,0.234,0.141,0.304,0.826,0.486,0.425,0.704,0.36,0.603,0.618,0.483,0.489,0.502,0.503,0.166,0.175,0.178,0.439,0.411,0.416
92,0.364,0.039,0.042,0.12,0.124,0.066,0.131,0.037,0.102,0.065,0.063,0.182,0.773,0.591,0.357,0.635,0.467,0.183,0.401,0.233,0.139,0.328,0.847,0.484,0.456,0.596,0.372,0.597,0.499,0.517,0.27,0.276,0.279,0.135,0.139,0.14,0.15,0.163,0.164
93,0.295,0.03,0.042,0.107,0.118,0.111,0.118,0.043,0.059,0.078,0.076,0.213,0.757,0.544,0.372,0.653,0.418,0.113,0.272,0.181,0.107,0.246,0.758,0.608,0.415,0.522,0.61,0.591,0.221,0.377,0.542,0.454,0.452,0.268,0.225,0.237,0.316,0.335,0.336
94,0.349,0.056,0.057,0.09,0.094,0.054,0.112,0.036,0.098,0.06,0.057,0.201,0.761,0.56,0.323,0.649,0.475,0.171,0.426,0.237,0.148,0.376,0.785,0.444,0.401,0.743,0.445,0.624,0.437,0.579,0.446,0.377,0.378,0.197,0.187,0.19,0.552,0.47,0.474
95,0.359,0.055,0.06,0.107,0.114,0.069,0.13,0.031,0.099,0.072,0.068,0.16,0.74,0.58,0.352,0.672,0.534,0.183,0.427,0.229,0.13,0.343,0.785,0.416,0.429,0.667,0.471,0.568,0.476,0.51,0.541,0.468,0.474,0.268,0.249,0.256,0.533,0.472,0.477
96,0.347,0.08,0.063,0.135,0.134,0.068,0.089,0.046,0.079,0.07,0.075,0.189,0.759,0.57,0.312,0.651,0.482,0.168,0.404,0.258,0.113,0.28,0.797,0.465,0.416,0.69,0.616,0.438,0.139,0.43,0.404,0.418,0.419,0.346,0.302,0.309,0.463,0.435,0.435
97,0.364,0.045,0.055,0.105,0.104,0.067,0.119,0.032,0.086,0.08,0.086,0.196,0.768,0.587,0.342,0.64,0.472,0.184,0.407,0.245,0.153,0.328,0.834,0.472,0.452,0.598,0.455,0.624,0.382,0.512,0.412,0.374,0.378,0.203,0.206,0.208,0.284,0.266,0.268
98,0.353,0.058,0.059,0.089,0.092,0.055,0.113,0.034,0.103,0.061,0.061,0.185,0.753,0.569,0.329,0.658,0.476,0.175,0.432,0.24,0.154,0.37,0.787,0.454,0.405,0.737,0.453,0.642,0.468,0.562,0.406,0.348,0.355,0.181,0.167,0.173,0.407,0.382,0.386
99,0.362,0.046,0.047,0.106,0.102,0.053,0.118,0.033,0.094,0.07,0.07,0.179,0.749,0.57,0.325,0.663,0.456,0.183,0.412,0.244,0.151,0.346,0.783,0.456,0.444,0.623,0.408,0.619,0.453,0.522,0.51,0.463,0.46,0.199,0.21,0.21,0.349,0.343,0.347
100,0.338,0.05,0.047,0.121,0.12,0.077,0.135,0.032,0.072,0.077,0.071,0.232,0.768,0.557,0.355,0.64,0.432,0.18,0.394,0.203,0.132,0.298,0.792,0.509,0.457,0.594,0.453,0.65,0.467,0.466,0.494,0.434,0.443,0.177,0.192,0.193,0.298,0.285,0.287
101,0.336,0.043,0.051,0.105,0.127,0.095,0.135,0.04,0.046,0.081,0.083,0.267,0.801,0.541,0.342,0.598,0.402,0.131,0.304,0.204,0.11,0.197,0.823,0.517,0.431,0.519,0.691,0.539,0.32,0.329,0.587,0.511,0.52,0.318,0.259,0.272,0.361,0.306,0.316
102,0.342,0.051,0.055,0.096,0.101,0.057,0.116,0.045,0.094,0.067,0.071,0.233,0.795,0.567,0.341,0.607,0.452,0.183,0.411,0.226,0.152,0.348,0.85,0.496,0.445,0.623,0.465,0.673,0.311,0.573,0.488,0.456,0.452,0.192,0.208,0.205,0.584,0.462,0.471
103,0.36,0.047,0.038,0.113,0.114,0.057,0.134,0.05,0.099,0.082,0.079,0.176,0.755,0.579,0.353,0.656,0.437,0.19,0.423,0.226,0.155,0.359,0.803,0.501,0.449,0.595,0.376,0.686,0.303,0.547,0.918,0.73,0.737,0.239,0.219,0.227,0.591,0.54,0.544
104,0.342,0.04,0.04,0.097,0.092,0.065,0.154,0.036,0.057,0.077,0.072,0.253,0.796,0.553,0.365,0.605,0.4,0.184,0.377,0.188,0.114,0.245,0.832,0.527,0.488,0.527,0.412,0.606,0.437,0.405,0.411,0.353,0.354,0.242,0.251,0.248,0.351,0.285,0.29
105,0.288,0.037,0.049,0.096,0.096,0.059,0.074,0.037,0.052,0.074,0.066,0.263,0.745,0.501,0.274,0.667,0.423,0.172,0.386,0.229,0.136,0.24,0.683,0.506,0.446,0.605,0.413,0.594,0.173,0.36,0.58,0.495,0.498,0.378,0.357,0.359,0.275,0.28,0.279
106,0.355,0.067,0.055,0.155,0.155,0.096,0.147,0.04,0.058,0.087,0.109,0.224,0.744,0.531,0.326,0.668,0.468,0.192,0.429,0.215,0.135,0.241,0.723,0.385,0.448,0.688,0.462,0.628,0.311,0.361,0.453,0.422,0.426,0.227,0.233,0.23,0.339,0.303,0.307
107,0.315,0.058,0.061,0.114,0.109,0.075,0.111,0.03,0.064,0.075,0.066,0.279,0.796,0.523,0.319,0.605,0.396,0.125,0.315,0.208,0.111,0.249,0.786,0.525,0.397,0.624,0.763,0.534,0.382,0.412,0.39,0.381,0.385,0.237,0.229,0.238,0.388,0.376,0.377
108,0.318,0.054,0.052,0.122,0.11,0.071,0.084,0.041,0.077,0.06,0.06,0.207,0.757,0.552,0.319,0.653,0.487,0.176,0.414,0.235,0.139,0.315,0.769,0.483,0.425,0.705,0.427,0.591,0.213,0.482,0.677,0.477,0.477,0.271,0.237,0.256,0.574,0.538,0.545
109,0.32,0.054,0.062,0.108,0.112,0.069,0.078,0.044,0.081,0.077,0.061,0.218,0.782,0.58,0.331,0.624,0.441,0.163,0.396,0.25,0.141,0.309,0.845,0.592,0.412,0.706,0.504,0.564,0.15,0.495,0.475,0.354,0.348,0.237,0.217,0.223,0.29,0.231,0.24
110,0.35,0.048,0.049,0.106,0.1,0.066,0.118,0.035,0.088,0.08,0.074,0.237,0.787,0.569,0.336,0.617,0.47,0.172,0.383,0.234,0.146,0.343,0.839,0.466,0.449,0.616,0.458,0.624,0.405,0.556,0.452,0.429,0.435,0.214,0.196,0.2,0.31,0.297,0.297
111,0.355,0.037,0.052,0.075,0.084,0.058,0.133,0.033,0.085,0.089,0.074,0.256,0.789,0.559,0.336,0.614,0.413,0.168,0.359,0.224,0.126,0.286,0.828,0.494,0.468,0.5,0.53,0.562,0.459,0.466,0.395,0.365,0.367,0.19,0.2,0.203,0.286,0.274,0.273
112,0.338,0.049,0.049,0.102,0.095,0.086,0.112,0.037,0.064,0.083,0.076,0.213,0.782,0.579,0.355,0.623,0.47,0.164,0.338,0.227,0.122,0.243,0.845,0.517,0.485,0.482,0.62,0.537,0.278,0.39,0.388,0.392,0.393,0.245,0.223,0.223,0.379,0.348,0.348
113,0.325,0.053,0.045,0.137,0.124,0.063,0.088,0.037,0.063,0.083,0.079,0.236,0.771,0.536,0.299,0.636,0.474,0.199,0.424,0.237,0.125,0.239,0.767,0.445,0.469,0.563,0.438,0.527,0.147,0.376,0.689,0.566,0.568,0.359,0.359,0.361,0.386,0.434,0.43
114,0.314,0.037,0.039,0.076,0.076,0.041,0.059,0.035,0.079,0.081,0.081,0.242,0.764,0.522,0.267,0.645,0.464,0.18,0.395,0.256,0.152,0.283,0.736,0.448,0.456,0.594,0.355,0.594,0.056,0.439,0.785,0.688,0.695,0.293,0.302,0.302,0.335,0.32,0.322
115,0.346,0.053,0.06,0.108,0.107,0.072,0.108,0.036,0.084,0.06,0.053,0.203,0.775,0.572,0.334,0.632,0.501,0.179,0.417,0.238,0.131,0.323,0.823,0.453,0.429,0.665,0.475,0.55,0.388,0.511,0.596,0.47,0.479,0.223,0.219,0.222,0.569,0.514,0.516
116,0.372,0.043,0.054,0.096,0.087,0.052,0.138,0.035,0.113,0.067,0.057,0.214,0.785,0.573,0.339,0.62,0.456,0.189,0.395,0.234,0.147,0.362,0.841,0.443,0.478,0.545,0.471,0.628,0.571,0.584,0.691,0.525,0.526,0.188,0.191,0.194,0.524,0.469,0.473
117,0.356,0.055,0.041,0.098,0.091,0.039,0.131,0.041,0.104,0.064,0.057,0.154,0.742,0.59,0.366,0.671,0.505,0.184,0.424,0.224,0.147,0.371,0.8,0.465,0.434,0.647,0.403,0.656,0.431,0.553,0.427,0.4,0.401,0.19,0.193,0.196,0.441,0.422,0.424
118,0.361,0.04,0.048,0.08,0.08,0.05,0.134,0.038,0.095,0.067,0.048,0.205,0.771,0.568,0.341,0.637,0.458,0.17,0.379,0.227,0.123,0.339,0.812,0.452,0.449,0.606,0.427,0.542,0.526,0.532,0.619,0.532,0.539,0.189,0.196,0.198,0.431,0.366,0.368
119,0.361,0.056,0.056,0.1,0.087,0.05,0.113,0.025,0.1,0.062,0.062,0.199,0.772,0.573,0.324,0.636,0.474,0.175,0.399,0.249,0.137,0.349,0.82,0.447,0.439,0.646,0.496,0.55,0.683,0.549,0.635,0.543,0.54,0.255,0.248,0.252,0.714,0.671,0.673
120,0.3,0.045,0.035,0.112,0.088,0.091,0.101,0.025,0.052,0.064,0.067,0.25,0.787,0.537,0.339,0.617,0.405,0.137,0.313,0.201,0.087,0.225,0.792,0.59,0.438,0.547,0.533,0.433,0.404,0.365,0.498,0.47,0.482,0.236,0.21,0.223,0.365,0.342,0.341
121,0.417,0.044,0.053,0.098,0.091,0.061,0.166,0.039,0.106,0.062,0.07,0.122,0.753,0.633,0.381,0.658,0.478,0.178,0.422,0.252,0.161,0.375,0.875,0.452,0.422,0.702,0.388,0.639,0.612,0.57,0.539,0.493,0.5,0.192,0.202,0.204,0.487,0.424,0.428
122,0.311,0.04,0.051,0.098,0.099,0.076,0.098,0.028,0.084,0.063,0.07,0.225,0.775,0.55,0.338,0.632,0.437,0.155,0.352,0.213,0.127,0.297,0.792,0.549,0.44,0.632,0.464,0.596,0.388,0.47,0.663,0.556,0.562,0.221,0.223,0.222,0.539,0.508,0.508
123,0.335,0.031,0.038,0.112,0.101,0.088,0.149,0.042,0.064,0.069,0.066,0.212,0.764,0.552,0.366,0.645,0.435,0.159,0.35,0.188,0.128,0.249,0.779,0.501,0.454,0.503,0.431,0.681,0.444,0.386,0.685,0.525,0.54,0.209,0.203,0.208,0.421,0.353,0.366
124,0.361,0.047,0.047,0.096,0.096,0.064,0.128,0.032,0.117,0.062,0.068,0.17,0.743,0.573,0.34,0.669,0.531,0.18,0.414,0.234,0.159,0.382,0.78,0.401,0.435,0.65,0.402,0.679,0.516,0.571,0.82,0.626,0.64,0.217,0.223,0.226,0.591,0.533,0.537
125,0.364,0.05,0.06,0.103,0.111,0.064,0.126,0.037,0.096,0.068,0.052,0.207,0.777,0.586,0.347,0.63,0.47,0.165,0.404,0.238,0.142,0.364,0.846,0.472,0.408,0.727,0.458,0.597,0.504,0.578,0.396,0.379,0.378,0.183,0.168,0.172,0.263,0.252,0.253
126,0.339,0.041,0.065,0.093,0.098,0.073,0.128,0.041,0.075,0.075,0.077,0.254,0.794,0.546,0.335,0.608,0.402,0.15,0.379,0.212,0.132,0.264,0.817,0.515,0.396,0.767,0.461,0.623,0.346,0.434,0.518,0.5,0.504,0.238,0.24,0.245,0.33,0.315,0.313
127,0.35,0.06,0.063,0.137,0.144,0.097,0.146,0.04,0.046,0.072,0.082,0.241,0.801,0.561,0.36,0.599,0.386,0.119,0.304,0.206,0.1,0.204,0.853,0.557,0.391,0.622,0.831,0.485,0.398,0.341,0.477,0.389,0.391,0.303,0.247,0.252,0.37,0.351,0.35
128,0.323,0.046,0.039,0.095,0.088,0.062,0.115,0.034,0.083,0.054,0.059,0.274,0.796,0.525,0.317,0.605,0.415,0.164,0.367,0.209,0.125,0.314,0.79,0.487,0.447,0.634,0.409,0.598,0.474,0.519,0.763,0.616,0.62,0.204,0.213,0.218,0.765,0.694,0.698
129,0.308,0.049,0.063,0.119,0.113,0.091,0.119,0.031,0.049,0.066,0.063,0.265,0.794,0.538,0.35,0.608,0.434,0.182,0.378,0.189,0.099,0.231,0.805,0.532,0.481,0.544,0.566,0.524,0.438,0.38,0.438,0.383,0.384,0.255,0.207,0.214,0.361,0.258,0.264
130,0.326,0.053,0.053,0.12,0.111,0.095,0.144,0.023,0.047,0.073,0.077,0.268,0.798,0.534,0.352,0.603,0.432,0.159,0.393,0.183,0.1,0.21,0.806,0.481,0.405,0.774,0.431,0.546,0.625,0.348,0.494,0.393,0.395,0.273,0.209,0.218,0.36,0.309,0.314
131,0.348,0.039,0.042,0.079,0.072,0.075,0.144,0.036,0.111,0.068,0.068,0.19,0.767,0.577,0.373,0.642,0.478,0.197,0.421,0.204,0.158,0.387,0.818,0.481,0.468,0.553,0.372,0.775,0.539,0.603,0.556,0.525,0.524,0.174,0.172,0.178,0.499,0.536,0.534
132,0.374,0.06,0.054,0.105,0.11,0.081,0.161,0.04,0.072,0.055,0.073,0.229,0.792,0.569,0.356,0.611,0.378,0.12,0.319,0.216,0.121,0.256,0.847,0.516,0.376,0.917,0.518,0.56,0.597,0.419,0.547,0.46,0.469,0.185,0.192,0.201,0.7,0.635,0.635
133,0.315,0.062,0.044,0.091,0.091,0.044,0.112,0.049,0.091,0.062,0.069,0.264,0.777,0.517,0.315,0.629,0.47,0.181,0.384,0.203,0.134,0.341,0.748,0.432,0.471,0.619,0.473,0.66,0.262,0.542,0.344,0.304,0.3,0.172,0.175,0.176,0.285,0.262,0.264
134,0.373,0.05,0.048,0.091,0.092,0.056,0.127,0.031,0.106,0.066,0.068,0.156,0.751,0.595,0.349,0.66,0.484,0.192,0.424,0.247,0.156,0.378,0.821,0.459,0.453,0.641,0.398,0.632,0.57,0.573,0.8,0.612,0.623,0.233,0.236,0.244,0.574,0.507,0.509
135,0.312,0.046,0.059,0.104,0.104,0.041,0.062,0.041,0.086,0.075,0.075,0.249,0.747,0.498,0.252,0.665,0.437,0.188,0.419,0.25,0.147,0.312,0.682,0.437,0.449,0.596,0.469,0.588,0.099,0.469,0.283,0.27,0.272,0.221,0.229,0.224,0.383,0.375,0.38
136,0.355,0.054,0.053,0.094,0.094,0.057,0.124,0.03,0.107,0.068,0.06,0.211,0.771,0.571,0.34,0.637,0.462,0.171,0.413,0.232,0.136,0.357,0.815,0.468,0.414,0.719,0.435,0.586,0.537,0.56,0.463,0.408,0.41,0.187,0.175,0.179,0.339,0.325,0.325
137,0.29,0.032,0.045,0.091,0.091,0.084,0.136,0.032,0.077,0.072,0.057,0.258,0.752,0.497,0.345,0.659,0.473,0.132,0.32,0.158,0.132,0.292,0.686,0.442,0.413,0.553,0.527,0.835,0.528,0.443,0.55,0.548,0.546,0.169,0.178,0.178,0.35,0.315,0.316
138,0.341,0.038,0.043,0.095,0.095,0.069,0.111,0.027,0.085,0.057,0.06,0.21,0.761,0.564,0.333,0.649,0.454,0.171,0.41,0.231,0.145,0.341,0.791,0.491,0.417,0.649,0.365,0.628,0.611,0.525,0.428,0.43,0.43,0.196,0.188,0.189,0.346,0.289,0.297
139,0.348,0.052,0.052,0.102,0.102,0.061,0.126,0.034,0.096,0.068,0.056,0.219,0.764,0.561,0.338,0.645,0.465,0.177,0.407,0.224,0.142,0.34,0.792,0.458,0.435,0.644,0.456,0.634,0.491,0.527,0.383,0.375,0.376,0.2,0.187,0.192,0.306,0.29,0.293
140,0.351,0.067,0.066,0.104,0.115,0.052,0.084,0.042,0.089,0.084,0.07,0.171,0.752,0.587,0.317,0.659,0.479,0.2,0.443,0.271,0.147,0.339,0.811,0.493,0.451,0.595,0.559,0.542,0.13,0.514,0.403,0.371,0.377,0.246,0.23,0.237,0.274,0.266,0.265
141,0.353,0.051,0.056,0.115,0.115,0.071,0.132,0.026,0.106,0.064,0.064,0.159,0.749,0.591,0.37,0.662,0.512,0.185,0.423,0.221,0.141,0.361,0.813,0.465,0.437,0.67,0.431,0.638,0.657,0.545,0.623,0.517,0.519,0.232,0.221,0.229,0.488,0.428,0.433
142,0.363,0.047,0.047,0.092,0.086,0.05,0.124,0.043,0.098,0.055,0.061,0.209,0.774,0.565,0.326,0.633,0.461,0.19,0.406,0.24,0.129,0.344,0.813,0.44,0.468,0.553,0.448,0.538,0.416,0.543,0.78,0.664,0.667,0.218,0.214,0.216,0.653,0.547,0.553
143,0.323,0.061,0.051,0.119,0.107,0.072,0.117,0.033,0.065,0.074,0.079,0.225,0.769,0.551,0.345,0.639,0.446,0.165,0.376,0.206,0.131,0.298,0.784,0.511,0.439,0.679,0.5,0.636,0.388,0.466,0.416,0.478,0.479,0.243,0.239,0.246,0.513,0.489,0.486
144,0.315,0.054,0.05,0.102,0.086,0.065,0.097,0.032,0.071,0.06,0.077,0.282,0.795,0.516,0.297,0.607,0.393,0.138,0.334,0.224,0.133,0.291,0.773,0.511,0.413,0.804,0.468,0.594,0.297,0.479,0.645,0.549,0.555,0.252,0.26,0.267,0.655,0.611,0.616
145,0.278,0.044,0.049,0.112,0.112,0.097,0.1,0.027,0.058,0.071,0.078,0.266,0.797,0.532,0.355,0.604,0.421,0.147,0.325,0.18,0.12,0.221,0.802,0.606,0.452,0.537,0.589,0.667,0.259,0.366,0.399,0.364,0.37,0.249,0.223,0.231,0.345,0.309,0.314
146,0.35,0.052,0.063,0.145,0.155,0.098,0.108,0.046,0.056,0.092,0.09,0.177,0.741,0.566,0.326,0.672,0.443,0.176,0.421,0.244,0.139,0.223,0.766,0.492,0.418,0.597,0.548,0.57,0.118,0.332,0.289,0.296,0.296,0.38,0.247,0.25,0.261,0.225,0.227
147,0.342,0.049,0.043,0.12,0.117,0.083,0.132,0.04,0.05,0.076,0.078,0.282,0.811,0.538,0.329,0.585,0.402,0.151,0.342,0.21,0.101,0.181,0.837,0.49,0.442,0.596,0.511,0.481,0.345,0.309,0.666,0.422,0.428,0.351,0.26,0.265,0.376,0.332,0.336
148,0.318,0.055,0.068,0.143,0.154,0.074,0.097,0.043,0.06,0.068,0.073,0.211,0.761,0.554,0.333,0.649,0.469,0.169,0.398,0.221,0.108,0.265,0.777,0.503,0.425,0.633,0.575,0.489,0.167,0.408,0.376,0.41,0.411,0.303,0.29,0.293,0.37,0.327,0.328
149,0.356,0.047,0.034,0.104,0.103,0.047,0.126,0.036,0.092,0.067,0.051,0.194,0.768,0.574,0.344,0.641,0.48,0.172,0.402,0.23,0.161,0.378,0.814,0.454,0.428,0.669,0.352,0.7,0.556,0.59,0.686,0.696,0.697,0.19,0.188,0.196,0.582,0.43,0.445
150,0.358,0.036,0.047,0.086,0.086,0.063,0.129,0.027,0.093,0.08,0.071,0.215,0.781,0.578,0.349,0.625,0.443,0.173,0.397,0.229,0.152,0.353,0.842,0.497,0.436,0.659,0.364,0.664,0.575,0.565,0.478,0.406,0.409,0.195,0.195,0.199,0.304,0.282,0.284
151,0.36,0.059,0.046,0.109,0.094,0.052,0.118,0.037,0.099,0.061,0.069,0.173,0.753,0.587,0.345,0.658,0.484,0.178,0.421,0.244,0.154,0.365,0.812,0.469,0.423,0.708,0.417,0.631,0.446,0.555,0.54,0.491,0.496,0.219,0.205,0.211,0.546,0.454,0.457
152,0.319,0.062,0.06,0.166,0.16,0.086,0.096,0.043,0.054,0.117,0.116,0.201,0.762,0.562,0.337,0.648,0.496,0.182,0.434,0.225,0.118,0.247,0.789,0.492,0.419,0.67,0.5,0.524,0.086,0.381,0.482,0.423,0.423,0.32,0.287,0.285,0.356,0.304,0.305
153,0.36,0.042,0.037,0.109,0.109,0.077,0.154,0.042,0.083,0.067,0.059,0.168,0.76,0.602,0.395,0.65,0.471,0.183,0.416,0.208,0.159,0.312,0.843,0.514,0.44,0.596,0.362,0.764,0.522,0.48,0.286,0.289,0.284,0.15,0.19,0.191,0.242,0.226,0.226
154,0.345,0.053,0.053,0.096,0.096,0.059,0.116,0.037,0.097,0.07,0.058,0.196,0.749,0.563,0.333,0.663,0.483,0.168,0.403,0.23,0.137,0.349,0.773,0.449,0.417,0.702,0.449,0.596,0.409,0.526,0.399,0.365,0.365,0.189,0.18,0.182,0.256,0.245,0.247
155,0.339,0.06,0.06,0.155,0.135,0.085,0.117,0.053,0.069,0.069,0.084,0.201,0.759,0.56,0.337,0.651,0.48,0.187,0.411,0.224,0.119,0.256,0.783,0.46,0.455,0.567,0.566,0.531,0.183,0.393,0.516,0.409,0.42,0.273,0.237,0.238,0.397,0.306,0.311
156,0.311,0.042,0.042,0.094,0.095,0.085,0.132,0.03,0.094,0.063,0.068,0.235,0.772,0.537,0.358,0.635,0.474,0.16,0.377,0.18,0.132,0.33,0.77,0.479,0.424,0.65,0.404,0.733,0.55,0.52,0.591,0.455,0.455,0.238,0.224,0.224,0.368,0.286,0.286
157,0.399,0.046,0.046,0.136,0.13,0.083,0.2,0.046,0.043,0.092,0.093,0.227,0.819,0.598,0.401,0.573,0.372,0.128,0.32,0.198,0.095,0.206,0.95,0.546,0.4,0.664,0.541,0.48,0.485,0.36,0.429,0.421,0.423,0.282,0.222,0.221,0.334,0.348,0.345
158,0.371,0.032,0.035,0.092,0.092,0.056,0.146,0.035,0.112,0.056,0.065,0.156,0.752,0.597,0.371,0.659,0.48,0.18,0.395,0.226,0.136,0.36,0.824,0.471,0.456,0.622,0.299,0.602,0.621,0.546,0.695,0.567,0.57,0.191,0.194,0.199,0.472,0.385,0.39
159,0.348,0.057,0.045,0.164,0.124,0.061,0.102,0.041,0.102,0.057,0.064,0.203,0.774,0.572,0.326,0.633,0.489,0.164,0.407,0.247,0.122,0.326,0.823,0.458,0.403,0.744,0.418,0.494,0.289,0.515,0.51,0.502,0.509,0.301,0.282,0.287,0.461,0.428,0.435
160,0.343,0.039,0.047,0.098,0.105,0.059,0.125,0.042,0.098,0.062,0.055,0.248,0.792,0.553,0.335,0.61,0.452,0.164,0.362,0.218,0.132,0.331,0.825,0.465,0.453,0.585,0.448,0.606,0.444,0.543,0.437,0.364,0.365,0.165,0.156,0.16,0.299,0.245,0.243
161,0.362,0.054,0.051,0.097,0.097,0.049,0.122,0.032,0.105,0.058,0.068,0.185,0.772,0.587,0.347,0.635,0.466,0.185,0.426,0.241,0.145,0.354,0.841,0.483,0.434,0.659,0.43,0.602,0.54,0.557,0.599,0.52,0.525,0.219,0.224,0.227,0.702,0.644,0.645
162,0.35,0.055,0.062,0.097,0.099,0.054,0.116,0.036,0.084,0.064,0.059,0.234,0.789,0.556,0.321,0.614,0.47,0.175,0.403,0.235,0.139,0.344,0.824,0.438,0.434,0.651,0.513,0.591,0.421,0.56,0.575,0.442,0.445,0.227,0.223,0.232,0.457,0.424,0.429
163,0.374,0.04,0.041,0.111,0.114,0.057,0.155,0.034,0.093,0.058,0.06,0.167,0.769,0.602,0.383,0.639,0.455,0.168,0.377,0.219,0.137,0.35,0.857,0.503,0.446,0.619,0.389,0.626,0.708,0.548,0.603,0.386,0.386,0.132,0.124,0.124,0.307,0.214,0.214
164,0.322,0.054,0.043,0.119,0.103,0.076,0.119,0.031,0.089,0.052,0.069,0.265,0.785,0.527,0.324,0.62,0.483,0.17,0.403,0.203,0.138,0.322,0.773,0.427,0.422,0.682,0.418,0.68,0.495,0.519,0.519,0.469,0.479,0.209,0.198,0.204,0.371,0.349,0.35
165,0.331,0.046,0.041,0.103,0.105,0.074,0.126,0.046,0.083,0.058,0.065,0.227,0.785,0.559,0.353,0.619,0.413,0.166,0.356,0.206,0.144,0.312,0.822,0.552,0.466,0.512,0.512,0.699,0.35,0.504,0.458,0.412,0.407,0.233,0.232,0.232,0.258,0.251,0.256
166,0.349,0.043,0.043,0.099,0.097,0.08,0.136,0.058,0.077,0.08,0.087,0.232,0.814,0.581,0.369,0.581,0.427,0.174,0.368,0.214,0.116,0.272,0.91,0.546,0.473,0.557,0.443,0.542,0.258,0.468,0.651,0.466,0.476,0.24,0.217,0.227,0.367,0.287,0.296
167,0.302,0.056,0.03,0.115,0.111,0.068,0.097,0.043,0.056,0.069,0.076,0.243,0.758,0.522,0.32,0.652,0.392,0.138,0.334,0.216,0.138,0.249,0.729,0.571,0.413,0.928,0.336,0.639,0.172,0.382,0.692,0.639,0.636,0.26,0.252,0.258,0.685,0.637,0.637
168,0.35,0.044,0.034,0.137,0.129,0.082,0.145,0.03,0.076,0.072,0.085,0.205,0.776,0.57,0.368,0.631,0.449,0.168,0.373,0.208,0.123,0.29,0.822,0.499,0.45,0.679,0.342,0.591,0.544,0.46,0.805,0.679,0.681,0.254,0.249,0.249,0.653,0.629,0.629
169,0.28,0.038,0.043,0.15,0.135,0.069,0.075,0.041,0.061,0.071,0.064,0.303,0.769,0.469,0.261,0.639,0.419,0.177,0.389,0.209,0.156,0.25,0.668,0.451,0.455,0.542,0.422,0.746,0.142,0.391,0.697,0.567,0.569,0.389,0.314,0.316,0.413,0.349,0.347
170,0.35,0.039,0.041,0.075,0.074,0.071,0.119,0.037,0.092,0.086,0.049,0.22,0.781,0.563,0.331,0.624,0.404,0.128,0.312,0.238,0.147,0.284,0.821,0.53,0.41,0.648,0.482,0.618,0.441,0.455,0.683,0.652,0.66,0.234,0.235,0.236,0.544,0.56,0.559
171,0.351,0.04,0.044,0.091,0.08,0.059,0.14,0.035,0.102,0.064,0.056,0.21,0.773,0.567,0.356,0.635,0.465,0.161,0.364,0.212,0.126,0.327,0.813,0.467,0.442,0.553,0.472,0.594,0.566,0.515,0.513,0.451,0.445,0.211,0.206,0.211,0.448,0.375,0.381
172,0.377,0.059,0.058,0.11,0.113,0.063,0.124,0.039,0.094,0.072,0.082,0.165,0.761,0.598,0.345,0.648,0.47,0.189,0.444,0.253,0.134,0.332,0.84,0.47,0.426,0.688,0.45,0.53,0.358,0.512,0.448,0.469,0.473,0.243,0.228,0.232,0.435,0.371,0.371
173,0.337,0.044,0.045,0.109,0.112,0.079,0.122,0.027,0.086,0.069,0.077,0.194,0.766,0.573,0.358,0.642,0.479,0.169,0.388,0.217,0.132,0.328,0.813,0.495,0.436,0.675,0.39,0.608,0.489,0.511,0.496,0.465,0.46,0.237,0.23,0.234,0.379,0.342,0.34
174,0.346,0.039,0.035,0.083,0.083,0.083,0.14,0.031,0.077,0.081,0.072,0.191,0.758,0.568,0.361,0.652,0.443,0.15,0.356,0.209,0.124,0.289,0.793,0.501,0.421,0.62,0.398,0.593,0.52,0.443,0.737,0.645,0.651,0.214,0.213,0.216,0.46,0.415,0.42
175,0.37,0.049,0.06,0.088,0.084,0.049,0.132,0.028,0.093,0.075,0.059,0.226,0.777,0.563,0.325,0.63,0.436,0.168,0.379,0.239,0.128,0.332,0.813,0.443,0.443,0.607,0.534,0.536,0.645,0.527,0.391,0.359,0.362,0.179,0.18,0.184,0.336,0.307,0.309
176,0.327,0.057,0.057,0.133,0.14,0.076,0.095,0.041,0.059,0.092,0.078,0.242,0.805,0.563,0.329,0.593,0.397,0.154,0.371,0.24,0.129,0.202,0.864,0.594,0.415,0.643,0.576,0.538,0.128,0.341,0.606,0.499,0.503,0.384,0.362,0.372,0.47,0.426,0.429
177,0.365,0.035,0.05,0.096,0.096,0.035,0.143,0.031,0.11,0.057,0.079,0.22,0.774,0.555,0.332,0.633,0.461,0.189,0.425,0.223,0.143,0.364,0.798,0.412,0.445,0.667,0.337,0.641,0.601,0.575,0.755,0.555,0.561,0.259,0.24,0.247,0.547,0.53,0.532
178,0.387,0.063,0.05,0.114,0.112,0.045,0.136,0.032,0.092,0.081,0.092,0.179,0.77,0.594,0.343,0.638,0.476,0.225,0.435,0.251,0.136,0.343,0.847,0.435,0.517,0.507,0.496,0.542,0.407,0.538,0.291,0.336,0.334,0.266,0.261,0.265,0.443,0.425,0.42
179,0.35,0.067,0.062,0.113,0.107,0.061,0.107,0.044,0.088,0.074,0.082,0.164,0.757,0.594,0.35,0.654,0.505,0.183,0.418,0.244,0.14,0.342,0.826,0.483,0.438,0.661,0.533,0.574,0.243,0.523,0.467,0.433,0.441,0.246,0.232,0.242,0.422,0.37,0.371
180,0.352,0.052,0.052,0.112,0.129,0.094,0.112,0.037,0.055,0.099,0.094,0.184,0.792,0.609,0.369,0.61,0.425,0.184,0.405,0.24,0.11,0.258,0.908,0.607,0.454,0.598,0.473,0.458,0.194,0.423,0.435,0.384,0.389,0.323,0.291,0.294,0.4,0.324,0.328
181,0.338,0.049,0.054,0.117,0.124,0.078,0.117,0.048,0.075,0.089,0.085,0.247,0.806,0.56,0.34,0.592,0.433,0.158,0.371,0.221,0.111,0.261,0.861,0.513,0.426,0.608,0.536,0.502,0.17,0.441,0.523,0.461,0.471,0.302,0.272,0.286,0.574,0.472,0.48
182,0.316,0.06,0.065,0.147,0.149,0.065,0.043,0.05,0.073,0.085,0.072,0.241,0.749,0.515,0.233,0.662,0.448,0.184,0.452,0.284,0.137,0.26,0.708,0.444,0.407,0.723,0.47,0.482,0.105,0.393,0.779,0.439,0.437,0.353,0.391,0.394,0.332,0.279,0.28
183,0.282,0.057,0.053,0.122,0.119,0.077,0.096,0.032,0.064,0.055,0.055,0.276,0.765,0.489,0.307,0.644,0.434,0.138,0.331,0.188,0.106,0.266,0.691,0.488,0.417,0.833,0.478,0.564,0.322,0.413,0.522,0.468,0.457,0.244,0.231,0.23,0.594,0.468,0.461
184,0.386,0.042,0.041,0.104,0.106,0.094,0.185,0.035,0.081,0.088,0.086,0.167,0.776,0.611,0.411,0.63,0.457,0.165,0.367,0.201,0.135,0.282,0.883,0.495,0.45,0.606,0.415,0.672,0.643,0.448,0.415,0.374,0.378,0.163,0.148,0.153,0.29,0.249,0.256
185,0.327,0.05,0.051,0.095,0.095,0.06,0.115,0.035,0.094,0.059,0.054,0.246,0.782,0.539,0.326,0.623,0.445,0.164,0.389,0.213,0.13,0.322,0.787,0.476,0.422,0.677,0.455,0.61,0.444,0.517,0.431,0.399,0.403,0.19,0.182,0.189,0.454,0.421,0.427
186,0.321,0.04,0.031,0.13,0.127,0.098,0.131,0.028,0.066,0.08,0.069,0.245,0.801,0.558,0.37,0.598,0.405,0.165,0.353,0.19,0.115,0.241,0.849,0.593,0.467,0.624,0.345,0.605,0.499,0.403,0.7,0.591,0.598,0.32,0.26,0.274,0.456,0.397,0.404
187,0.31,0.023,0.04,0.066,0.086,0.091,0.143,0.029,0.072,0.065,0.054,0.243,0.758,0.517,0.353,0.652,0.462,0.135,0.308,0.172,0.134,0.28,0.722,0.455,0.438,0.496,0.47,0.779,0.69,0.429,0.286,0.334,0.326,0.147,0.154,0.157,0.269,0.217,0.224
188,0.375,0.039,0.039,0.094,0.084,0.047,0.141,0.047,0.113,0.053,0.053,0.188,0.769,0.582,0.347,0.639,0.47,0.178,0.385,0.235,0.141,0.357,0.829,0.438,0.462,0.584,0.375,0.6,0.504,0.559,0.76,0.708,0.709,0.154,0.166,0.168,0.472,0.452,0.451
189,0.373,0.063,0.058,0.1,0.089,0.048,0.133,0.042,0.107,0.059,0.068,0.175,0.761,0.591,0.351,0.649,0.472,0.181,0.405,0.24,0.136,0.365,0.829,0.462,0.447,0.635,0.526,0.567,0.435,0.562,0.411,0.437,0.433,0.198,0.197,0.202,0.41,0.347,0.352
190,0.31,0.047,0.057,0.14,0.133,0.1,0.119,0.037,0.044,0.066,0.08,0.265,0.788,0.523,0.339,0.616,0.425,0.11,0.265,0.193,0.089,0.177,0.773,0.527,0.415,0.536,0.881,0.461,0.31,0.287,0.503,0.406,0.417,0.305,0.234,0.252,0.285,0.256,0.259
191,0.315,0.037,0.019,0.113,0.099,0.08,0.109,0.033,0.046,0.066,0.079,0.256,0.796,0.542,0.338,0.605,0.382,0.092,0.217,0.22,0.112,0.158,0.815,0.605,0.424,0.924,0.329,0.509,0.294,0.261,0.987,0.743,0.749,0.295,0.358,0.354,0.994,0.793,0.8
192,0.314,0.041,0.038,0.11,0.101,0.083,0.112,0.037,0.06,0.069,0.056,0.263,0.79,0.534,0.333,0.613,0.429,0.154,0.333,0.201,0.118,0.227,0.793,0.513,0.462,0.584,0.439,0.587,0.346,0.37,0.496,0.469,0.468,0.218,0.221,0.225,0.42,0.359,0.375
193,0.385,0.053,0.052,0.11,0.112,0.101,0.183,0.046,0.083,0.096,0.099,0.193,0.78,0.587,0.386,0.626,0.435,0.184,0.405,0.202,0.129,0.294,0.854,0.467,0.454,0.549,0.52,0.639,0.426,0.47,0.545,0.471,0.478,0.244,0.217,0.223,0.345,0.328,0.332
194,0.334,0.062,0.061,0.1,0.104,0.056,0.075,0.04,0.089,0.089,0.077,0.202,0.771,0.577,0.314,0.636,0.483,0.198,0.427,0.266,0.149,0.338,0.825,0.503,0.464,0.54,0.575,0.56,0.102,0.531,0.493,0.445,0.45,0.265,0.25,0.254,0.327,0.315,0.315
195,0.354,0.06,0.06,0.146,0.139,0.078,0.123,0.047,0.077,0.093,0.095,0.199,0.8,0.602,0.372,0.6,0.46,0.177,0.416,0.231,0.116,0.284,0.913,0.541,0.425,0.61,0.556,0.502,0.157,0.473,0.617,0.434,0.436,0.301,0.269,0.271,0.578,0.472,0.476
196,0.359,0.068,0.065,0.125,0.12,0.07,0.131,0.031,0.099,0.07,0.07,0.166,0.756,0.592,0.363,0.654,0.491,0.178,0.424,0.229,0.131,0.353,0.823,0.475,0.42,0.702,0.532,0.572,0.476,0.54,0.459,0.412,0.415,0.248,0.239,0.245,0.386,0.347,0.346
197,0.376,0.034,0.043,0.15,0.153,0.095,0.166,0.034,0.077,0.081,0.081,0.195,0.799,0.604,0.395,0.601,0.422,0.153,0.319,0.21,0.106,0.257,0.914,0.545,0.48,0.588,0.428,0.505,0.605,0.428,0.668,0.592,0.603,0.217,0.209,0.214,0.433,0.41,0.4
198,0.383,0.063,0.068,0.112,0.118,0.068,0.148,0.052,0.068,0.084,0.081,0.212,0.777,0.571,0.337,0.629,0.455,0.173,0.41,0.235,0.124,0.266,0.826,0.418,0.422,0.671,0.565,0.528,0.31,0.423,0.296,0.271,0.271,0.183,0.158,0.166,0.271,0.236,0.239
199,0.293,0.035,0.043,0.087,0.084,0.081,0.138,0.026,0.082,0.07,0.064,0.211,0.722,0.513,0.358,0.691,0.486,0.143,0.323,0.163,0.137,0.284,0.675,0.455,0.443,0.524,0.52,0.84,0.62,0.411,0.285,0.289,0.293,0.138,0.142,0.144,0.197,0.174,0.177
200,0.349,0.058,0.041,0.099,0.094,0.061,0.121,0.021,0.107,0.061,0.064,0.211,0.766,0.561,0.334,0.643,0.477,0.173,0.388,0.228,0.14,0.358,0.793,0.444,0.446,0.618,0.463,0.614,0.814,0.557,0.586,0.536,0.538,0.192,0.188,0.19,0.376,0.327,0.333
201,0.355,0.059,0.059,0.126,0.104,0.106,0.124,0.062,0.083,0.112,0.093,0.207,0.789,0.582,0.353,0.614,0.448,0.147,0.376,0.232,0.147,0.293,0.863,0.509,0.391,0.707,0.567,0.634,0.128,0.477,0.453,0.329,0.343,0.316,0.262,0.272,0.387,0.278,0.287
202,0.359,0.063,0.058,0.084,0.089,0.065,0.122,0.033,0.097,0.057,0.065,0.178,0.771,0.594,0.358,0.637,0.446,0.179,0.426,0.237,0.14,0.359,0.848,0.529,0.42,0.676,0.5,0.591,0.524,0.564,0.462,0.41,0.41,0.229,0.222,0.227,0.451,0.411,0.417
203,0.336,0.053,0.055,0.094,0.103,0.047,0.096,0.041,0.082,0.063,0.055,0.214,0.754,0.542,0.301,0.657,0.469,0.175,0.413,0.241,0.157,0.334,0.751,0.439,0.424,0.663,0.466,0.651,0.308,0.508,0.472,0.41,0.41,0.203,0.207,0.213,0.412,0.364,0.364
204,0.372,0.054,0.048,0.114,0.114,0.07,0.141,0.038,0.096,0.063,0.085,0.197,0.748,0.573,0.342,0.663,0.45,0.184,0.417,0.232,0.16,0.344,0.786,0.447,0.441,0.658,0.421,0.69,0.49,0.519,0.474,0.462,0.461,0.178,0.176,0.182,0.414,0.411,0.411
205,0.35,0.055,0.05,0.108,0.102,0.07,0.121,0.032,0.108,0.06,0.064,0.191,0.771,0.58,0.35,0.637,0.484,0.178,0.414,0.229,0.134,0.37,0.829,0.473,0.43,0.646,0.457,0.585,0.504,0.581,0.467,0.377,0.383,0.195,0.182,0.189,0.396,0.311,0.316
206,0.32,0.034,0.045,0.097,0.097,0.098,0.133,0.027,0.058,0.073,0.079,0.202,0.76,0.558,0.374,0.65,0.45,0.123,0.297,0.191,0.106,0.23,0.781,0.533,0.414,0.545,0.59,0.555,0.511,0.354,0.387,0.372,0.374,0.242,0.208,0.218,0.321,0.274,0.281
207,0.364,0.05,0.054,0.169,0.17,0.097,0.185,0.036,0.046,0.092,0.083,0.197,0.758,0.561,0.382,0.653,0.429,0.184,0.422,0.181,0.115,0.225,0.782,0.459,0.436,0.598,0.473,0.635,0.566,0.345,0.509,0.384,0.41,0.272,0.192,0.213,0.256,0.239,0.24
208,0.348,0.073,0.067,0.16,0.153,0.083,0.135,0.052,0.051,0.07,0.068,0.248,0.811,0.569,0.356,0.585,0.365,0.135,0.366,0.213,0.125,0.22,0.885,0.605,0.369,0.97,0.534,0.587,0.303,0.376,0.417,0.385,0.392,0.215,0.217,0.214,0.501,0.413,0.418
209,0.444,0.063,0.054,0.165,0.167,0.09,0.254,0.038,0.076,0.068,0.074,0.165,0.773,0.609,0.419,0.634,0.393,0.165,0.394,0.191,0.115,0.254,0.874,0.42,0.419,0.691,0.513,0.602,0.971,0.401,0.604,0.459,0.461,0.248,0.174,0.179,0.498,0.442,0.445
210,0.398,0.05,0.057,0.131,0.136,0.081,0.178,0.05,0.097,0.05,0.066,0.143,0.756,0.619,0.398,0.654,0.438,0.212,0.483,0.222,0.166,0.359,0.861,0.507,0.439,0.642,0.393,0.748,0.621,0.549,0.443,0.406,0.416,0.15,0.148,0.15,0.321,0.327,0.327
211,0.334,0.04,0.048,0.092,0.093,0.059,0.11,0.035,0.094,0.067,0.049,0.253,0.786,0.54,0.316,0.618,0.425,0.159,0.363,0.225,0.148,0.327,0.795,0.485,0.438,0.591,0.468,0.658,0.466,0.529,0.495,0.416,0.42,0.206,0.204,0.206,0.401,0.35,0.353
212,0.362,0.045,0.045,0.088,0.087,0.039,0.1,0.05,0.112,0.062,0.053,0.162,0.761,0.598,0.337,0.649,0.475,0.187,0.424,0.262,0.162,0.362,0.838,0.499,0.441,0.604,0.398,0.618,0.291,0.558,0.723,0.535,0.534,0.234,0.229,0.235,0.701,0.654,0.654
213,0.336,0.047,0.059,0.097,0.097,0.063,0.109,0.042,0.098,0.063,0.056,0.225,0.77,0.556,0.328,0.638,0.467,0.164,0.398,0.229,0.131,0.347,0.793,0.471,0.412,0.695,0.465,0.572,0.328,0.544,0.407,0.362,0.364,0.185,0.173,0.177,0.323,0.297,0.301
214,0.328,0.036,0.052,0.099,0.083,0.059,0.115,0.036,0.099,0.059,0.052,0.261,0.785,0.526,0.314,0.619,0.425,0.164,0.36,0.213,0.131,0.326,0.773,0.466,0.456,0.598,0.449,0.615,0.437,0.527,0.672,0.576,0.581,0.2,0.204,0.206,0.675,0.678,0.68
215,0.325,0.049,0.043,0.148,0.155,0.096,0.134,0.038,0.038,0.096,0.096,0.251,0.781,0.532,0.342,0.624,0.406,0.14,0.306,0.192,0.12,0.212,0.776,0.515,0.458,0.5,0.657,0.625,0.25,0.34,0.503,0.471,0.471,0.377,0.3,0.309,0.322,0.284,0.284
216,0.318,0.033,0.037,0.1,0.083,0.074,0.133,0.033,0.067,0.074,0.074,0.233,0.766,0.533,0.35,0.643,0.464,0.15,0.333,0.186,0.117,0.25,0.754,0.468,0.45,0.447,0.522,0.629,0.394,0.389,0.711,0.673,0.675,0.262,0.235,0.243,0.31,0.28,0.288
217,0.368,0.063,0.063,0.126,0.114,0.088,0.126,0.038,0.076,0.084,0.079,0.176,0.78,0.605,0.364,0.626,0.446,0.178,0.417,0.242,0.116,0.281,0.879,0.536,0.427,0.64,0.553,0.479,0.327,0.449,0.503,0.478,0.481,0.26,0.224,0.231,0.559,0.534,0.541
218,0.348,0.045,0.056,0.124,0.132,0.079,0.131,0.047,0.049,0.079,0.073,0.231,0.804,0.573,0.363,0.595,0.38,0.122,0.29,0.222,0.105,0.2,0.876,0.611,0.421,0.566,0.732,0.473,0.285,0.336,0.528,0.439,0.443,0.26,0.23,0.235,0.403,0.352,0.355
219,0.365,0.051,0.061,0.103,0.117,0.059,0.128,0.039,0.07,0.069,0.065,0.238,0.812,0.577,0.341,0.583,0.4,0.173,0.415,0.237,0.117,0.299,0.901,0.532,0.417,0.659,0.491,0.494,0.378,0.513,0.554,0.419,0.447,0.235,0.24,0.241,0.425,0.365,0.386
220,0.314,0.055,0.048,0.101,0.096,0.048,0.077,0.042,0.08,0.067,0.077,0.251,0.78,0.536,0.297,0.625,0.454,0.164,0.385,0.241,0.151,0.311,0.781,0.489,0.426,0.689,0.456,0.627,0.139,0.498,0.668,0.48,0.476,0.284,0.239,0.246,0.543,0.517,0.519
221,0.389,0.058,0.062,0.134,0.133,0.096,0.19,0.051,0.056,0.064,0.062,0.194,0.789,0.595,0.397,0.614,0.393,0.133,0.354,0.199,0.112,0.22,0.882,0.529,0.376,0.737,0.612,0.563,0.525,0.358,0.408,0.37,0.377,0.228,0.17,0.172,0.288,0.29,0.289
222,0.354,0.061,0.069,0.158,0.159,0.049,0.122,0.037,0.073,0.082,0.098,0.146,0.707,0.561,0.329,0.707,0.475,0.183,0.452,0.232,0.159,0.305,0.722,0.436,0.405,0.732,0.485,0.685,0.257,0.431,0.319,0.382,0.383,0.27,0.275,0.275,0.421,0.41,0.407
223,0.325,0.05,0.05,0.131,0.139,0.07,0.105,0.028,0.084,0.069,0.07,0.235,0.793,0.56,0.338,0.61,0.469,0.168,0.365,0.223,0.114,0.306,0.835,0.503,0.46,0.583,0.51,0.511,0.305,0.502,0.53,0.484,0.483,0.249,0.241,0.245,0.398,0.35,0.35
224,0.322,0.059,0.054,0.118,0.119,0.099,0.137,0.035,0.055,0.075,0.072,0.277,0.808,0.535,0.35,0.589,0.438,0.165,0.406,0.186,0.09,0.243,0.826,0.486,0.406,0.776,0.441,0.484,0.366,0.413,0.476,0.399,0.399,0.267,0.211,0.22,0.373,0.314,0.319
225,0.328,0.055,0.062,0.128,0.114,0.065,0.105,0.046,0.087,0.055,0.061,0.214,0.742,0.543,0.319,0.671,0.471,0.187,0.42,0.224,0.119,0.328,0.736,0.454,0.445,0.658,0.476,0.531,0.287,0.489,0.175,0.326,0.337,0.207,0.197,0.202,0.261,0.231,0.233
226,0.365,0.035,0.043,0.091,0.091,0.09,0.177,0.033,0.069,0.094,0.088,0.277,0.818,0.543,0.358,0.576,0.385,0.137,0.297,0.191,0.127,0.251,0.858,0.47,0.461,0.504,0.565,0.665,0.606,0.436,0.473,0.43,0.433,0.223,0.162,0.163,0.308,0.264,0.267
227,0.381,0.041,0.048,0.114,0.119,0.074,0.147,0.037,0.062,0.08,0.078,0.234,0.788,0.559,0.326,0.616,0.388,0.163,0.363,0.234,0.124,0.24,0.825,0.461,0.449,0.577,0.473,0.53,0.462,0.39,0.534,0.432,0.438,0.257,0.228,0.232,0.253,0.239,0.241
228,0.362,0.042,0.036,0.087,0.089,0.073,0.157,0.037,0.083,0.056,0.07,0.238,0.804,0.57,0.364,0.594,0.395,0.148,0.338,0.208,0.124,0.295,0.874,0.527,0.438,0.696,0.379,0.596,0.624,0.497,0.595,0.544,0.547,0.178,0.182,0.186,0.611,0.546,0.549
229,0.338,0.038,0.048,0.091,0.091,0.054,0.124,0.038,0.091,0.054,0.061,0.221,0.782,0.569,0.354,0.623,0.441,0.161,0.376,0.215,0.145,0.313,0.831,0.524,0.428,0.665,0.402,0.674,0.444,0.502,0.577,0.596,0.581,0.204,0.207,0.21,0.489,0.477,0.458
230,0.338,0.058,0.062,0.135,0.138,0.084,0.113,0.041,0.071,0.075,0.077,0.204,0.758,0.582,0.357,0.652,0.434,0.17,0.393,0.225,0.128,0.236,0.813,0.562,0.433,0.635,0.556,0.569,0.26,0.362,0.605,0.422,0.426,0.227,0.213,0.215,0.363,0.331,0.33
231,0.379,0.039,0.055,0.1,0.1,0.039,0.138,0.039,0.1,0.07,0.055,0.156,0.749,0.594,0.354,0.663,0.464,0.199,0.422,0.242,0.142,0.36,0.815,0.466,0.472,0.528,0.448,0.587,0.498,0.543,0.66,0.579,0.583,0.208,0.208,0.211,0.406,0.368,0.368
232,0.343,0.051,0.052,0.11,0.103,0.065,0.105,0.037,0.088,0.072,0.082,0.166,0.752,0.589,0.352,0.659,0.496,0.184,0.425,0.238,0.126,0.332,0.813,0.5,0.433,0.668,0.419,0.529,0.252,0.504,0.523,0.485,0.487,0.293,0.265,0.273,0.513,0.428,0.429
233,0.335,0.06,0.059,0.112,0.105,0.084,0.105,0.021,0.098,0.066,0.062,0.181,0.754,0.572,0.342,0.657,0.531,0.189,0.434,0.231,0.132,0.356,0.793,0.446,0.435,0.667,0.472,0.571,0.583,0.542,0.531,0.441,0.453,0.288,0.258,0.268,0.406,0.349,0.355
234,0.331,0.028,0.035,0.13,0.137,0.09,0.128,0.039,0.059,0.083,0.069,0.195,0.734,0.54,0.341,0.679,0.466,0.167,0.351,0.204,0.128,0.244,0.723,0.461,0.476,0.647,0.292,0.627,0.388,0.359,0.885,0.609,0.605,0.281,0.232,0.235,0.601,0.488,0.489
235,0.358,0.05,0.054,0.103,0.096,0.061,0.128,0.032,0.101,0.059,0.054,0.171,0.753,0.583,0.352,0.658,0.475,0.184,0.409,0.233,0.135,0.348,0.806,0.474,0.45,0.603,0.468,0.579,0.564,0.529,0.471,0.438,0.435,0.198,0.198,0.201,0.46,0.416,0.42
236,0.345,0.06,0.058,0.15,0.14,0.091,0.115,0.038,0.064,0.097,0.086,0.183,0.775,0.596,0.367,0.632,0.438,0.166,0.401,0.231,0.121,0.262,0.858,0.575,0.414,0.765,0.465,0.524,0.179,0.415,0.462,0.402,0.404,0.262,0.226,0.241,0.45,0.385,0.394
237,0.358,0.049,0.05,0.099,0.094,0.049,0.131,0.042,0.104,0.057,0.07,0.21,0.774,0.57,0.343,0.634,0.442,0.185,0.405,0.227,0.146,0.353,0.818,0.48,0.457,0.589,0.454,0.643,0.439,0.557,0.492,0.484,0.492,0.161,0.156,0.165,0.419,0.377,0.383
238,0.364,0.061,0.062,0.109,0.109,0.058,0.142,0.032,0.091,0.065,0.074,0.194,0.767,0.58,0.357,0.642,0.479,0.171,0.4,0.223,0.126,0.336,0.822,0.451,0.427,0.696,0.517,0.565,0.54,0.523,0.533,0.5,0.5,0.208,0.204,0.21,0.414,0.4,0.401
239,0.341,0.063,0.063,0.1,0.101,0.056,0.106,0.028,0.084,0.071,0.072,0.228,0.785,0.557,0.323,0.62,0.47,0.173,0.417,0.234,0.134,0.341,0.817,0.462,0.415,0.705,0.516,0.573,0.388,0.55,0.597,0.476,0.478,0.282,0.254,0.267,0.66,0.616,0.611
240,0.353,0.056,0.056,0.097,0.089,0.054,0.113,0.029,0.094,0.06,0.062,0.216,0.785,0.573,0.334,0.62,0.462,0.183,0.405,0.24,0.13,0.319,0.841,0.478,0.452,0.617,0.496,0.542,0.489,0.515,0.494,0.424,0.43,0.226,0.214,0.223,0.455,0.401,0.404
241,0.356,0.039,0.038,0.114,0.121,0.058,0.13,0.045,0.084,0.07,0.065,0.25,0.787,0.537,0.313,0.617,0.387,0.154,0.361,0.229,0.16,0.305,0.792,0.473,0.427,0.597,0.418,0.699,0.393,0.494,0.661,0.564,0.569,0.21,0.212,0.219,0.491,0.458,0.46
242,0.347,0.054,0.056,0.111,0.111,0.062,0.111,0.042,0.097,0.069,0.068,0.193,0.776,0.583,0.347,0.631,0.443,0.173,0.402,0.236,0.138,0.346,0.841,0.535,0.43,0.642,0.495,0.585,0.287,0.548,0.509,0.448,0.454,0.238,0.223,0.23,0.537,0.484,0.486
243,0.34,0.056,0.062,0.126,0.131,0.089,0.128,0.04,0.068,0.073,0.069,0.173,0.744,0.572,0.36,0.668,0.454,0.187,0.432,0.212,0.128,0.285,0.779,0.513,0.433,0.674,0.468,0.604,0.34,0.427,0.403,0.366,0.367,0.241,0.235,0.238,0.342,0.29,0.291
244,0.361,0.067,0.069,0.111,0.114,0.061,0.116,0.061,0.078,0.067,0.074,0.177,0.786,0.609,0.365,0.618,0.457,0.195,0.456,0.245,0.117,0.283,0.896,0.545,0.428,0.682,0.511,0.478,0.194,0.458,0.416,0.385,0.391,0.28,0.231,0.244,0.362,0.324,0.327
245,0.337,0.055,0.053,0.102,0.096,0.063,0.114,0.037,0.101,0.055,0.068,0.236,0.774,0.55,0.327,0.634,0.483,0.173,0.405,0.224,0.143,0.349,0.79,0.443,0.427,0.682,0.458,0.638,0.409,0.55,0.46,0.426,0.429,0.19,0.176,0.18,0.338,0.309,0.31
246,0.358,0.049,0.058,0.135,0.165,0.088,0.12,0.036,0.048,0.093,0.093,0.196,0.77,0.58,0.343,0.638,0.442,0.175,0.401,0.238,0.116,0.175,0.827,0.505,0.436,0.623,0.491,0.487,0.227,0.274,0.459,0.471,0.472,0.356,0.343,0.349,0.448,0.379,0.386
247,0.333,0.051,0.049,0.094,0.095,0.063,0.118,0.033,0.091,0.064,0.05,0.258,0.797,0.541,0.326,0.604,0.436,0.16,0.39,0.216,0.131,0.333,0.815,0.477,0.41,0.713,0.439,0.606,0.506,0.551,0.463,0.415,0.421,0.177,0.174,0.179,0.427,0.359,0.364
248,0.384,0.037,0.054,0.095,0.107,0.076,0.164,0.039,0.092,0.083,0.066,0.208,0.8,0.596,0.375,0.599,0.402,0.161,0.359,0.222,0.143,0.329,0.905,0.525,0.448,0.571,0.495,0.644,0.597,0.549,0.517,0.461,0.459,0.173,0.184,0.182,0.332,0.308,0.312
249,0.35,0.057,0.057,0.106,0.114,0.067,0.147,0.033,0.089,0.059,0.059,0.171,0.756,0.585,0.382,0.654,0.453,0.155,0.415,0.204,0.13,0.317,0.813,0.521,0.373,0.787,0.467,0.637,0.624,0.485,0.567,0.448,0.451,0.223,0.22,0.225,0.546,0.519,0.521
250,0.359,0.056,0.041,0.091,0.08,0.059,0.119,0.031,0.101,0.049,0.071,0.198,0.764,0.567,0.327,0.645,0.458,0.161,0.39,0.242,0.141,0.343,0.8,0.454,0.413,0.739,0.408,0.583,0.557,0.532,0.472,0.411,0.41,0.18,0.196,0.2,0.536,0.406,0.406
251,0.329,0.053,0.046,0.078,0.078,0.06,0.126,0.025,0.078,0.053,0.055,0.282,0.808,0.525,0.323,0.59,0.397,0.149,0.337,0.204,0.11,0.282,0.81,0.496,0.442,0.691,0.481,0.539,0.73,0.478,0.583,0.595,0.597,0.232,0.232,0.237,0.698,0.659,0.659
252,0.345,0.028,0.04,0.081,0.076,0.057,0.122,0.034,0.094,0.071,0.063,0.232,0.785,0.556,0.334,0.619,0.441,0.155,0.339,0.223,0.147,0.343,0.817,0.478,0.457,0.574,0.382,0.659,0.497,0.554,0.61,0.527,0.53,0.197,0.204,0.208,0.391,0.391,0.397
253,0.351,0.053,0.043,0.107,0.11,0.067,0.134,0.033,0.085,0.075,0.074,0.231,0.779,0.556,0.339,0.627,0.459,0.16,0.382,0.217,0.113,0.28,0.807,0.447,0.419,0.706,0.425,0.521,0.459,0.447,0.548,0.501,0.509,0.244,0.222,0.23,0.383,0.371,0.369
254,0.37,0.054,0.047,0.109,0.117,0.059,0.135,0.029,0.109,0.067,0.062,0.186,0.753,0.573,0.338,0.658,0.482,0.194,0.438,0.235,0.159,0.379,0.793,0.421,0.443,0.649,0.401,0.677,0.65,0.576,0.533,0.442,0.438,0.187,0.179,0.179,0.384,0.286,0.287
255,0.384,0.047,0.051,0.131,0.118,0.097,0.175,0.033,0.078,0.073,0.07,0.169,0.774,0.606,0.397,0.633,0.496,0.182,0.416,0.209,0.117,0.273,0.871,0.448,0.438,0.643,0.419,0.56,0.688,0.431,0.687,0.479,0.488,0.307,0.212,0.225,0.42,0.366,0.374
256,0.345,0.055,0.048,0.093,0.093,0.055,0.114,0.034,0.099,0.064,0.058,0.227,0.768,0.552,0.322,0.641,0.464,0.162,0.392,0.231,0.141,0.354,0.783,0.448,0.413,0.722,0.44,0.61,0.463,0.552,0.431,0.374,0.374,0.188,0.172,0.176,0.304,0.268,0.273
257,0.29,0.046,0.03,0.113,0.11,0.075,0.087,0.037,0.053,0.068,0.071,0.318,0.812,0.503,0.305,0.583,0.38,0.104,0.263,0.207,0.124,0.202,0.785,0.571,0.395,0.952,0.384,0.599,0.194,0.346,0.539,0.605,0.611,0.308,0.274,0.286,0.72,0.698,0.699
258,0.267,0.063,0.063,0.144,0.144,0.08,0.062,0.028,0.055,0.061,0.061,0.301,0.787,0.487,0.284,0.617,0.434,0.137,0.364,0.206,0.109,0.267,0.718,0.514,0.376,0.971,0.474,0.529,0.104,0.433,0.496,0.437,0.433,0.408,0.351,0.357,0.693,0.538,0.533
259,0.33,0.035,0.042,0.076,0.078,0.04,0.104,0.032,0.091,0.06,0.062,0.276,0.789,0.517,0.291,0.614,0.428,0.171,0.379,0.226,0.146,0.342,0.766,0.439,0.451,0.608,0.37,0.646,0.443,0.557,0.705,0.589,0.596,0.21,0.204,0.208,0.341,0.341,0.339
260,0.346,0.053,0.057,0.099,0.098,0.069,0.119,0.04,0.105,0.063,0.066,0.193,0.771,0.579,0.352,0.637,0.449,0.202,0.434,0.227,0.143,0.36,0.827,0.519,0.465,0.554,0.491,0.63,0.398,0.565,0.528,0.434,0.437,0.229,0.218,0.224,0.443,0.398,0.404
261,0.329,0.038,0.038,0.12,0.086,0.061,0.114,0.054,0.051,0.068,0.085,0.254,0.778,0.531,0.319,0.628,0.373,0.153,0.34,0.221,0.153,0.204,0.77,0.55,0.45,0.784,0.317,0.692,0.194,0.325,0.84,0.749,0.75,0.293,0.272,0.273,0.736,0.715,0.716
262,0.4,0.051,0.058,0.111,0.107,0.072,0.186,0.032,0.104,0.07,0.072,0.199,0.8,0.608,0.394,0.6,0.435,0.17,0.402,0.215,0.148,0.337,0.922,0.478,0.423,0.735,0.436,0.688,0.807,0.562,0.549,0.473,0.478,0.184,0.189,0.189,0.376,0.352,0.358
263,0.345,0.039,0.053,0.095,0.1,0.075,0.127,0.037,0.087,0.078,0.058,0.27,0.793,0.557,0.339,0.609,0.411,0.164,0.377,0.219,0.162,0.328,0.833,0.516,0.435,0.579,0.484,0.74,0.467,0.539,0.338,0.322,0.324,0.171,0.17,0.174,0.196,0.182,0.182
264,0.337,0.064,0.05,0.108,0.106,0.071,0.143,0.035,0.056,0.056,0.064,0.266,0.798,0.533,0.338,0.603,0.407,0.159,0.355,0.195,0.108,0.231,0.804,0.482,0.448,0.667,0.538,0.554,0.494,0.383,0.678,0.527,0.525,0.273,0.225,0.229,0.561,0.445,0.446
265,0.376,0.06,0.06,0.102,0.098,0.06,0.128,0.034,0.098,0.057,0.076,0.16,0.757,0.603,0.355,0.653,0.481,0.197,0.409,0.248,0.14,0.364,0.84,0.472,0.482,0.533,0.571,0.565,0.548,0.557,0.592,0.488,0.493,0.193,0.196,0.197,0.376,0.361,0.363
266,0.358,0.053,0.05,0.106,0.102,0.057,0.13,0.037,0.093,0.06,0.062,0.177,0.776,0.601,0.374,0.631,0.483,0.168,0.385,0.228,0.131,0.338,0.866,0.503,0.436,0.673,0.456,0.575,0.488,0.536,0.547,0.494,0.494,0.224,0.219,0.222,0.526,0.451,0.453
267,0.345,0.048,0.048,0.113,0.113,0.091,0.15,0.045,0.053,0.071,0.071,0.24,0.804,0.564,0.37,0.595,0.418,0.158,0.332,0.196,0.098,0.196,0.863,0.526,0.476,0.62,0.49,0.5,0.388,0.329,0.694,0.549,0.554,0.326,0.251,0.261,0.556,0.511,0.508
268,0.312,0.041,0.024,0.118,0.104,0.08,0.113,0.057,0.052,0.051,0.057,0.254,0.782,0.528,0.334,0.623,0.386,0.115,0.28,0.201,0.124,0.195,0.772,0.573,0.411,0.904,0.312,0.617,0.256,0.313,0.778,0.664,0.67,0.215,0.238,0.247,0.585,0.546,0.553
269,0.347,0.039,0.043,0.1,0.087,0.055,0.113,0.041,0.111,0.061,0.049,0.192,0.771,0.58,0.345,0.636,0.483,0.18,0.415,0.235,0.153,0.374,0.83,0.484,0.434,0.617,0.369,0.651,0.393,0.588,0.678,0.537,0.536,0.203,0.202,0.207,0.588,0.508,0.51
270,0.358,0.025,0.04,0.109,0.089,0.08,0.182,0.036,0.072,0.051,0.04,0.286,0.805,0.519,0.342,0.593,0.352,0.125,0.271,0.18,0.125,0.215,0.796,0.457,0.461,0.456,0.57,0.694,0.777,0.363,0.519,0.35,0.348,0.247,0.207,0.208,0.381,0.282,0.286
271,0.357,0.07,0.063,0.119,0.119,0.06,0.119,0.04,0.089,0.075,0.075,0.198,0.781,0.584,0.346,0.624,0.485,0.168,0.425,0.238,0.119,0.317,0.852,0.468,0.395,0.768,0.516,0.5,0.291,0.508,0.455,0.375,0.376,0.252,0.241,0.243,0.449,0.442,0.444
272,0.327,0.07,0.067,0.133,0.129,0.085,0.091,0.033,0.062,0.079,0.084,0.213,0.77,0.569,0.334,0.638,0.495,0.17,0.399,0.236,0.103,0.249,0.812,0.491,0.426,0.688,0.585,0.436,0.171,0.39,0.417,0.377,0.391,0.279,0.255,0.265,0.399,0.333,0.334
