,filename,n-sto,sto-li,ps-pi1,ps-pi2,sn-sto,sn-c,or-pi1,or-pi2,cph-cph,sbal-ls1,sbal-ls2,al-al,ch-ch,go-go,zy-zy,ex-ex,en-en,ex-en,tn-n,tn-gn,n-gn,sn-gn,n-sn,sto-gn,ls-sto,"n-gn,zy-zy","sto-gn,go-go","en-en,ex-ex","ex-en,en-en","ps-pi,ex-en","al-al,n-sn","ls-sto,sto-li","ch-ch,zy-zy",DD,EOS,cl_lips,ca_lips,cb_lips,cl_eyes,ca_eyes,cb_eyes,cl_eyebrows,ca_eyebrows,cb_eyebrows
0,chosensame/same658/kidjo06551.jpg,189.842,21.378,24.698,25.807,74.33,36.222,68.359,75.0,28.636,48.662,47.413,60.415,113.6,216.965,321.375,181.246,77.878,46.325,70.0,347.071,278.097,162.496,116.211,88.284,32.062,0.865,0.407,0.43,0.595,0.545,0.52,1.5,0.353,-0.21899999678134918,0.4740000069141388,0.492,0.457,0.459,0.32,0.253,0.268,0.291,0.296,0.298
1,chosensame/same658/kidjo06751.jpg,204.534,25.495,25.807,26.926,84.172,35.847,76.295,77.104,29.428,47.424,47.854,56.436,117.712,221.081,317.151,182.321,80.062,47.518,85.0,376.076,291.973,172.026,120.503,88.057,41.773,0.921,0.398,0.439,0.594,0.555,0.468,1.638,0.371,-0.23999999463558197,0.4620000123977661,0.522,0.48,0.48,0.32,0.244,0.257,0.291,0.291,0.294
2,chosensame/same658/kidjo07326.jpg,192.588,29.833,26.627,28.653,69.123,34.54,79.429,77.524,29.614,47.508,47.265,57.871,120.304,218.014,312.554,186.317,80.231,50.488,151.0,433.457,284.83,161.555,123.628,92.445,28.16,0.911,0.424,0.431,0.629,0.547,0.468,0.944,0.385,-0.12700000405311584,0.4230000078678131,0.474,0.437,0.438,0.33,0.25,0.265,0.289,0.286,0.289
3,chosensame/same658/kidjo04576.jpg,197.821,24.187,25.495,27.203,71.568,33.734,77.647,74.0,29.155,50.567,49.82,59.304,117.958,219.112,306.418,193.662,83.295,52.154,76.0,366.15,290.451,164.222,126.321,92.655,27.166,0.948,0.423,0.43,0.626,0.505,0.469,1.123,0.385,-0.45500001311302185,0.4819999933242798,0.523,0.489,0.491,0.347,0.273,0.288,0.343,0.34,0.343
4,chosensame/same658/kidjo03101.jpg,192.938,26.306,27.659,28.018,66.753,33.956,79.404,77.162,28.284,47.927,48.052,56.223,117.239,220.009,313.517,189.763,84.38,50.04,129.0,413.57,285.281,159.305,126.321,92.574,24.515,0.91,0.421,0.445,0.593,0.556,0.445,0.932,0.374,-0.12800000607967377,0.4180000126361847,0.532,0.49,0.491,0.349,0.275,0.291,0.35,0.339,0.343
5,chosensame/same658/kidjo06826.jpg,180.801,26.173,19.849,22.361,59.682,31.623,66.611,61.294,30.15,47.011,47.297,59.135,115.261,213.002,309.414,182.888,83.385,47.381,106.0,385.249,279.723,158.676,121.264,98.995,18.682,0.904,0.465,0.456,0.568,0.445,0.488,0.714,0.373,-0.1379999965429306,0.4399999976158142,0.638,0.573,0.576,0.358,0.281,0.298,0.318,0.316,0.319
6,chosensame/same658/kidjo02876.jpg,195.164,20.396,25.495,25.495,69.051,32.558,67.365,72.367,31.401,52.612,52.839,66.098,115.412,223.6,308.501,194.363,85.329,52.173,80.0,363.595,284.607,158.493,126.115,89.443,24.331,0.923,0.4,0.439,0.611,0.489,0.524,1.193,0.374,-0.10899999737739563,0.41999998688697815,0.477,0.514,0.513,0.368,0.299,0.315,0.405,0.403,0.406
7,chosensame/same658/kidjo08426.jpg,184.456,20.224,23.087,19.209,57.706,20.396,56.719,48.27,34.366,46.573,45.793,70.036,125.028,217.706,304.765,192.782,87.664,50.961,67.0,330.651,264.577,137.873,126.752,80.281,21.378,0.868,0.369,0.455,0.581,0.415,0.553,1.057,0.41,-0.2720000147819519,0.4399999976158142,0.628,0.608,0.609,0.347,0.295,0.308,0.579,0.582,0.585
8,chosensame/same658/kidjo01926.jpg,152.643,21.024,21.932,22.204,52.24,24.021,53.339,56.009,26.173,38.079,38.328,48.26,91.662,169.189,236.476,154.324,66.121,43.012,55.0,276.523,221.653,121.264,100.404,69.065,20.224,0.937,0.408,0.428,0.651,0.513,0.481,0.962,0.388,-0.37700000405311584,0.39399999380111694,0.588,0.582,0.583,0.402,0.332,0.35,0.466,0.455,0.459
9,chosensame/same658/kidjo07876.jpg,197.588,23.345,27.019,26.926,81.049,36.401,70.214,67.365,31.401,44.777,43.932,61.522,122.984,224.437,310.551,190.78,80.623,52.345,91.0,379.223,288.924,172.456,116.619,91.411,42.426,0.93,0.407,0.423,0.649,0.515,0.528,1.817,0.396,-0.07000000029802322,0.4410000145435333,0.457,0.428,0.43,0.305,0.232,0.244,0.304,0.303,0.306
10,chosensame/same658/kidjo04426.jpg,196.023,21.213,24.698,23.431,75.166,35.355,82.152,74.673,33.242,49.244,49.659,60.299,121.594,229.961,307.883,191.157,80.505,53.151,103.0,389.401,286.904,165.979,120.934,90.934,32.016,0.932,0.395,0.421,0.66,0.453,0.499,1.509,0.395,-0.09799999743700027,0.42500001192092896,0.482,0.52,0.52,0.323,0.259,0.273,0.424,0.42,0.423
11,chosensame/same658/kidjo01676.jpg,146.659,16.279,19.105,18.358,49.031,21.587,52.173,51.478,25.318,36.359,35.693,49.497,94.202,170.95,239.286,150.336,67.365,41.304,57.0,277.218,220.792,123.167,97.739,74.148,18.439,0.923,0.434,0.448,0.613,0.454,0.506,1.133,0.394,-0.4320000112056732,0.39800000190734863,0.664,0.612,0.612,0.423,0.341,0.36,0.402,0.396,0.399
12,chosensame/same658/kidjo07726.jpg,185.874,23.022,19.235,20.518,73.007,32.757,63.388,59.034,28.16,47.434,46.239,61.4,114.158,208.691,308.585,173.666,78.772,43.566,83.0,354.622,271.812,159.013,113.6,86.052,32.0,0.881,0.412,0.454,0.553,0.456,0.54,1.39,0.37,-0.2329999953508377,0.48100000619888306,0.565,0.521,0.524,0.333,0.255,0.27,0.418,0.415,0.418
13,chosensame/same658/kidjo06851.jpg,192.151,26.306,25.807,27.459,69.871,35.114,73.98,71.063,29.155,48.754,48.836,56.223,113.283,219.021,309.855,185.432,81.615,48.26,104.0,385.296,282.144,160.228,122.409,90.471,26.476,0.911,0.413,0.44,0.591,0.552,0.459,1.006,0.366,-0.26100000739097595,0.4259999990463257,0.527,0.488,0.491,0.351,0.263,0.281,0.291,0.289,0.292
14,chosensame/same658/kidjo01951.jpg,146.769,22.204,16.279,18.385,49.497,26.306,57.871,60.133,24.083,36.674,37.363,48.166,91.924,174.184,238.839,148.973,63.388,41.304,71.0,293.068,222.41,125.16,97.329,75.664,18.439,0.931,0.434,0.425,0.652,0.42,0.495,0.83,0.385,-0.10999999940395355,0.453000009059906,0.644,0.674,0.676,0.4,0.318,0.335,0.423,0.418,0.422
15,chosensame/same658/kidjo06926.jpg,193.621,27.295,20.518,22.847,73.164,34.785,73.98,71.113,29.428,46.53,46.872,59.414,119.854,217.113,307.937,182.718,81.615,47.676,87.0,368.402,282.144,161.805,120.599,88.645,32.757,0.916,0.408,0.447,0.584,0.455,0.493,1.2,0.389,-0.16500000655651093,0.4300000071525574,0.587,0.537,0.537,0.326,0.249,0.264,0.302,0.299,0.302
16,chosensame/same658/kidjo07401.jpg,185.526,26.476,23.601,25.495,57.974,26.0,49.82,48.104,28.443,44.944,44.721,59.682,112.058,207.068,311.873,183.807,85.843,47.518,150.0,423.71,276.279,149.04,127.738,91.093,21.19,0.886,0.44,0.467,0.554,0.517,0.467,0.8,0.359,-0.03099999949336052,0.4490000009536743,0.559,0.508,0.509,0.368,0.286,0.303,0.289,0.31,0.311
17,chosensame/same658/kidjo04926.jpg,190.919,23.195,28.302,29.069,64.281,29.428,72.691,66.94,32.388,51.971,51.43,63.789,116.108,224.742,306.79,199.462,84.723,54.342,91.0,373.259,282.986,156.285,126.752,92.071,19.026,0.922,0.41,0.425,0.641,0.528,0.503,0.82,0.378,-0.2750000059604645,0.4230000078678131,0.476,0.479,0.48,0.359,0.294,0.31,0.439,0.441,0.444
18,chosensame/same658/kidjo07926.jpg,188.566,23.537,27.203,27.785,63.561,33.242,73.007,73.682,29.428,45.651,45.706,57.706,114.543,217.389,312.32,185.777,79.246,50.249,93.0,371.797,280.061,155.232,125.16,91.679,23.77,0.897,0.422,0.427,0.634,0.547,0.461,1.01,0.367,-0.335999995470047,0.4399999976158142,0.48,0.445,0.446,0.36,0.273,0.29,0.296,0.29,0.294
19,chosensame/same658/kidjo08251.jpg,187.115,23.537,24.207,24.166,62.817,31.385,66.94,63.64,29.614,47.508,47.676,59.841,118.127,219.738,308.016,184.792,83.024,48.508,62.0,342.446,281.427,157.178,124.459,94.366,22.136,0.914,0.429,0.449,0.584,0.499,0.481,0.94,0.384,-0.23600000143051147,0.48899999260902405,0.534,0.475,0.477,0.354,0.274,0.291,0.305,0.302,0.306
20,chosensame/same658/kidjo01576.jpg,151.01,19.416,20.591,21.401,54.452,27.166,55.579,55.785,22.561,39.812,38.471,50.01,91.591,174.141,242.786,151.634,64.537,40.262,61.0,287.701,227.695,131.034,96.773,76.688,20.396,0.938,0.44,0.426,0.624,0.521,0.517,1.05,0.377,-0.4169999957084656,0.38499999046325684,0.571,0.553,0.556,0.393,0.316,0.333,0.474,0.477,0.48
21,chosensame/same658/kidjo08351.jpg,188.247,27.295,24.839,25.554,63.789,29.12,73.824,72.173,30.414,48.374,46.69,61.4,124.535,221.326,306.674,188.799,83.726,51.245,104.0,381.662,278.657,154.149,124.788,90.427,23.087,0.909,0.409,0.443,0.612,0.492,0.492,0.846,0.406,-0.17299999296665192,0.42800000309944153,0.52,0.477,0.479,0.336,0.26,0.276,0.306,0.301,0.305
22,chosensame/same658/kidjo02851.jpg,203.767,21.587,27.295,28.018,79.63,34.525,79.762,75.961,33.541,50.804,48.765,63.348,120.619,222.245,308.263,197.436,82.71,54.406,107.0,395.885,290.689,166.307,124.427,87.092,36.346,0.943,0.392,0.419,0.658,0.508,0.509,1.684,0.391,-0.19300000369548798,0.4180000126361847,0.472,0.47,0.474,0.332,0.262,0.276,0.342,0.349,0.352
23,chosensame/same658/kidjo07201.jpg,191.05,23.537,26.401,26.42,67.186,32.573,72.007,67.602,30.594,46.872,45.398,62.801,122.25,210.609,304.021,186.118,80.753,51.352,97.0,377.598,281.839,157.927,124.169,90.802,27.893,0.927,0.431,0.434,0.636,0.514,0.506,1.185,0.402,-0.1850000023841858,0.42399999499320984,0.495,0.46,0.463,0.339,0.264,0.279,0.324,0.316,0.32
24,chosensame/same658/kidjo02001.jpg,157.458,22.023,21.932,22.204,60.531,25.318,59.211,57.035,24.083,37.162,37.108,47.096,94.53,174.026,240.352,149.215,65.123,40.012,77.0,304.593,227.794,130.863,97.082,70.349,27.295,0.948,0.404,0.436,0.614,0.552,0.485,1.239,0.393,-0.19499999284744263,0.4090000092983246,0.607,0.585,0.586,0.39,0.304,0.319,0.46,0.457,0.461
25,chosensame/same658/kidjo05076.jpg,199.424,20.396,26.077,27.659,72.339,31.257,74.243,72.035,32.249,51.196,49.649,65.765,123.045,222.623,309.483,194.551,81.786,53.367,79.0,363.919,285.727,158.534,127.283,86.313,29.155,0.923,0.388,0.42,0.653,0.503,0.517,1.429,0.398,-0.20600000023841858,0.4090000092983246,0.498,0.489,0.489,0.348,0.277,0.291,0.388,0.39,0.393
26,chosensame/same658/kidjo01701.jpg,154.829,20.224,20.616,20.248,61.66,27.514,54.332,52.154,24.187,37.121,36.674,46.271,95.037,175.071,246.587,147.98,64.382,40.311,66.0,294.241,228.6,135.484,93.263,73.824,29.275,0.927,0.422,0.435,0.626,0.507,0.496,1.448,0.385,-0.47099998593330383,0.40400001406669617,0.634,0.591,0.596,0.382,0.298,0.314,0.406,0.406,0.409
27,chosensame/same658/kidjo02126.jpg,142.594,17.263,14.142,15.232,50.804,29.732,61.188,61.033,24.187,38.484,37.855,46.174,93.059,171.143,245.051,139.918,63.388,35.693,60.0,288.175,228.484,136.781,92.087,85.988,16.492,0.932,0.502,0.453,0.563,0.411,0.501,0.955,0.38,-0.2540000081062317,0.4740000069141388,0.744,0.688,0.688,0.421,0.332,0.352,0.45,0.442,0.446
28,chosensame/same658/kidjo06951.jpg,190.379,25.08,26.173,27.803,72.691,33.242,71.176,68.007,28.16,47.927,47.297,58.078,117.614,221.111,311.002,187.171,82.055,49.01,87.0,367.659,280.863,163.23,118.017,90.554,29.428,0.903,0.41,0.438,0.597,0.551,0.492,1.173,0.378,-0.25099998712539673,0.46700000762939453,0.51,0.479,0.483,0.334,0.258,0.272,0.346,0.344,0.348
29,chosensame/same658/kidjo08301.jpg,189.552,21.587,24.083,25.942,65.97,28.636,64.938,61.0,32.558,45.222,43.417,61.66,123.976,220.511,312.963,185.97,82.735,49.254,73.0,348.897,276.926,153.525,123.911,87.556,28.636,0.885,0.397,0.445,0.595,0.508,0.498,1.327,0.396,-0.2930000126361847,0.4480000138282776,0.547,0.493,0.497,0.339,0.264,0.279,0.323,0.32,0.324
30,chosensame/same658/kidjo03651.jpg,197.294,21.213,21.932,21.213,71.253,31.257,72.173,69.857,32.388,49.477,48.301,65.765,118.95,225.338,307.119,190.434,83.361,50.99,59.0,345.08,286.714,160.515,126.301,89.443,30.15,0.934,0.397,0.438,0.612,0.423,0.521,1.421,0.387,-0.20600000023841858,0.4189999997615814,0.564,0.536,0.539,0.346,0.274,0.289,0.345,0.352,0.355
31,chosensame/same658/kidjo06601.jpg,193.582,24.187,26.907,28.018,72.443,36.674,80.753,80.006,29.155,48.847,49.244,58.215,118.828,224.036,304.37,189.763,80.306,52.154,82.0,369.064,287.367,166.331,121.202,93.904,28.284,0.944,0.419,0.423,0.649,0.527,0.48,1.169,0.39,-0.2800000011920929,0.46299999952316284,0.515,0.478,0.48,0.334,0.258,0.273,0.343,0.339,0.342
32,chosensame/same658/kidjo01476.jpg,154.635,20.025,19.416,20.518,55.009,25.08,59.211,60.828,23.195,40.522,37.696,48.508,92.266,170.038,248.085,148.223,66.611,37.656,75.0,297.431,222.576,123.037,99.85,68.029,21.0,0.897,0.4,0.449,0.565,0.53,0.486,1.049,0.372,-0.36899998784065247,0.40299999713897705,0.617,0.584,0.587,0.41,0.321,0.34,0.562,0.56,0.561
33,chosensame/same658/kidjo06651.jpg,204.299,27.166,30.48,30.0,73.824,30.414,80.505,77.058,31.401,48.332,48.27,59.414,119.218,206.545,302.121,192.751,82.298,53.0,138.0,429.959,292.884,162.607,130.553,88.843,32.757,0.969,0.43,0.427,0.644,0.571,0.455,1.206,0.395,-0.21799999475479126,0.42399999499320984,0.49,0.48,0.48,0.313,0.261,0.275,0.351,0.338,0.341
34,chosensame/same658/kidjo07701.jpg,186.775,28.071,26.571,25.612,68.066,30.414,60.208,58.215,25.318,49.041,44.777,66.098,114.856,219.018,343.46,202.41,85.159,57.567,114.0,388.33,274.467,156.051,119.683,88.006,28.071,0.799,0.402,0.421,0.676,0.453,0.552,1.0,0.334,-0.25099998712539673,0.47699999809265137,0.515,0.49,0.493,0.325,0.256,0.269,0.48,0.488,0.489
35,chosensame/same658/kidjo04001.jpg,197.018,22.204,23.345,24.698,66.753,26.683,69.584,64.07,32.14,47.413,45.354,64.195,123.911,217.002,305.277,190.379,85.147,51.01,63.0,345.22,282.492,152.191,130.384,85.475,27.295,0.925,0.394,0.447,0.599,0.471,0.492,1.229,0.406,-0.30000001192092896,0.4830000102519989,0.581,0.545,0.548,0.348,0.28,0.295,0.399,0.395,0.399
36,chosensame/same658/kidjo06576.jpg,186.271,26.173,29.967,29.0,66.189,35.128,71.344,73.98,28.636,48.052,46.065,60.208,119.683,241.878,363.979,220.302,92.574,63.151,96.0,375.729,280.321,160.449,120.416,94.26,25.02,0.77,0.39,0.42,0.682,0.467,0.5,0.956,0.329,-0.35100001096725464,0.49000000953674316,0.495,0.453,0.456,0.326,0.257,0.272,0.381,0.389,0.392
37,chosensame/same658/kidjo02501.jpg,150.03,21.024,20.616,22.672,50.09,26.926,57.009,59.034,20.0,38.897,37.947,44.102,80.006,164.754,252.242,139.129,60.033,36.346,86.0,308.131,222.182,122.919,100.18,72.993,16.125,0.881,0.443,0.431,0.605,0.595,0.44,0.767,0.317,-0.3140000104904175,0.4169999957084656,0.615,0.579,0.58,0.433,0.351,0.372,0.491,0.482,0.485
38,chosensame/same658/kidjo01876.jpg,154.392,20.1,18.439,19.723,56.436,25.318,56.569,63.008,24.083,35.341,35.44,48.094,95.635,172.047,242.349,147.489,61.205,41.11,78.0,303.595,225.801,127.883,98.082,71.449,26.306,0.932,0.415,0.415,0.672,0.464,0.49,1.309,0.395,-0.17399999499320984,0.44699999690055847,0.627,0.644,0.646,0.392,0.313,0.329,0.493,0.482,0.486
39,chosensame/same658/kidjo03251.jpg,186.078,26.173,25.612,26.627,62.968,32.894,72.56,72.173,27.166,47.927,48.052,56.223,109.179,216.0,308.415,185.874,83.385,48.166,81.0,359.806,279.33,156.349,123.329,93.381,20.881,0.906,0.432,0.449,0.578,0.542,0.456,0.798,0.354,-0.32600000500679016,0.47099998593330383,0.568,0.523,0.525,0.363,0.291,0.309,0.328,0.326,0.329
40,chosensame/same658/kidjo02051.jpg,149.164,21.024,20.518,20.0,51.157,24.187,56.08,51.01,24.083,35.847,36.688,48.042,93.263,172.003,238.019,150.12,66.03,41.012,75.0,296.243,221.326,123.329,98.046,72.173,20.1,0.93,0.42,0.44,0.621,0.494,0.49,0.956,0.392,-0.11800000071525574,0.42100000381469727,0.653,0.613,0.615,0.402,0.326,0.344,0.472,0.47,0.473
41,chosensame/same658/kidjo04451.jpg,189.655,24.187,28.844,28.284,67.476,34.366,75.326,73.164,30.265,50.01,50.537,64.498,122.691,236.326,315.42,199.7,83.024,55.444,101.0,389.76,289.375,167.2,122.188,99.725,23.195,0.917,0.422,0.416,0.668,0.515,0.528,0.959,0.389,-0.22599999606609344,0.4090000092983246,0.468,0.47,0.473,0.339,0.269,0.284,0.417,0.418,0.42
42,chosensame/same658/kidjo02226.jpg,158.808,19.105,22.804,23.601,60.671,29.411,59.682,59.135,23.087,39.925,39.812,45.177,91.788,175.026,243.666,147.868,62.29,40.2,65.0,293.437,228.845,130.863,98.25,70.214,25.495,0.939,0.401,0.421,0.645,0.577,0.46,1.334,0.377,-0.4429999887943268,0.4129999876022339,0.565,0.538,0.541,0.41,0.31,0.33,0.418,0.416,0.42
43,chosensame/same658/kidjo04151.jpg,184.981,26.306,22.672,23.707,61.392,30.364,70.406,63.198,30.265,45.793,44.911,63.506,125.515,226.108,316.836,186.304,82.492,50.359,121.0,403.194,283.132,159.477,123.794,98.153,23.537,0.894,0.434,0.443,0.61,0.46,0.513,0.895,0.396,-0.08100000023841858,0.4779999852180481,0.583,0.53,0.532,0.341,0.268,0.284,0.359,0.358,0.361
44,chosensame/same658/kidjo06801.jpg,183.861,28.862,19.416,24.042,62.936,33.287,71.805,68.964,27.893,47.17,47.265,57.07,114.018,207.393,310.556,179.293,80.411,45.607,152.0,421.723,273.485,153.101,121.202,90.25,21.932,0.881,0.435,0.448,0.567,0.476,0.471,0.76,0.367,-0.2549999952316284,0.4410000145435333,0.589,0.555,0.557,0.338,0.265,0.282,0.301,0.293,0.296
45,chosensame/same658/kidjo03426.jpg,195.604,27.166,22.672,23.259,72.007,31.78,80.231,77.233,31.257,47.011,45.891,63.388,125.603,221.443,307.189,191.269,82.389,52.612,82.0,366.973,285.54,161.941,123.685,89.944,32.388,0.93,0.406,0.431,0.639,0.437,0.512,1.192,0.409,-0.2619999945163727,0.4090000092983246,0.627,0.569,0.569,0.337,0.26,0.274,0.331,0.329,0.332
46,chosensame/same658/kidjo02276.jpg,161.895,21.213,23.601,22.804,65.49,28.16,59.682,58.215,23.195,37.577,37.656,45.277,94.048,176.071,244.739,148.862,63.388,41.195,68.0,301.597,234.062,137.768,96.421,72.367,32.249,0.956,0.411,0.426,0.65,0.563,0.47,1.52,0.384,-0.42100000381469727,0.4050000011920929,0.579,0.554,0.554,0.387,0.291,0.308,0.419,0.418,0.422
47,chosensame/same658/kidjo04076.jpg,191.755,26.173,26.173,27.459,66.483,31.78,63.506,70.178,28.16,47.424,47.802,63.198,114.983,223.02,308.415,191.755,83.217,52.086,69.0,352.115,283.387,158.146,125.324,91.662,25.495,0.919,0.411,0.434,0.626,0.515,0.504,0.974,0.373,-0.210999995470047,0.46399998664855957,0.534,0.497,0.501,0.347,0.275,0.29,0.366,0.357,0.361
48,chosensame/same658/kidjo03451.jpg,193.041,25.318,22.672,22.361,67.469,28.862,75.505,71.113,35.355,47.508,46.872,65.62,128.265,227.794,312.963,190.518,81.498,53.6,87.0,369.173,282.843,157.166,125.782,89.805,27.659,0.904,0.394,0.428,0.658,0.42,0.522,1.092,0.41,-0.28200000524520874,0.3919999897480011,0.633,0.571,0.572,0.336,0.27,0.284,0.33,0.329,0.332
49,chosensame/same658/kidjo04601.jpg,189.169,27.295,27.019,28.018,64.63,33.734,77.647,75.166,27.166,47.927,49.244,58.421,115.412,217.279,307.278,192.044,84.38,51.157,121.0,404.788,284.549,160.125,124.579,95.525,22.561,0.926,0.44,0.439,0.606,0.538,0.469,0.827,0.376,-0.1469999998807907,0.4320000112056732,0.517,0.49,0.494,0.356,0.281,0.298,0.319,0.314,0.317
50,chosensame/same658/kidjo06501.jpg,186.561,21.587,26.0,25.612,71.344,36.014,72.78,74.947,27.893,48.052,44.294,62.097,114.978,226.921,343.682,197.909,82.462,55.082,71.0,351.65,281.824,166.595,116.09,95.352,30.265,0.82,0.42,0.417,0.668,0.469,0.535,1.402,0.335,-0.2199999988079071,0.49799999594688416,0.481,0.457,0.46,0.318,0.255,0.269,0.315,0.317,0.32
51,chosensame/same658/kidjo02176.jpg,151.327,19.235,20.0,21.633,56.089,29.155,60.017,60.208,23.345,38.471,38.471,46.53,93.744,175.103,243.906,146.24,62.514,39.319,74.0,296.076,222.767,127.675,95.425,71.589,22.561,0.913,0.409,0.427,0.629,0.529,0.488,1.173,0.384,-0.49399998784065247,0.41200000047683716,0.632,0.575,0.576,0.408,0.314,0.332,0.399,0.399,0.403
52,chosensame/same658/kidjo04201.jpg,200.691,24.187,23.707,23.345,74.169,30.017,59.54,62.169,34.234,47.802,46.065,66.753,124.68,225.229,305.63,191.69,85.329,50.99,64.0,352.278,288.784,162.117,126.752,88.119,36.056,0.945,0.391,0.445,0.598,0.461,0.527,1.491,0.408,-0.2540000081062317,0.43299999833106995,0.559,0.53,0.533,0.312,0.253,0.265,0.373,0.377,0.38
53,chosensame/same658/kidjo06726.jpg,187.297,26.306,23.431,25.06,65.765,32.28,75.505,76.059,29.275,45.177,44.147,60.299,118.533,218.229,304.201,187.808,80.753,51.478,103.0,382.991,280.722,159.305,121.594,93.557,27.295,0.923,0.429,0.43,0.637,0.471,0.496,1.038,0.39,-0.15600000321865082,0.4189999997615814,0.566,0.51,0.511,0.327,0.258,0.272,0.292,0.293,0.296
54,chosensame/same658/kidjo01776.jpg,152.555,22.091,19.849,20.809,56.569,25.71,57.219,55.009,22.023,36.674,35.903,46.098,91.662,174.026,241.299,149.405,66.189,40.05,67.0,289.836,223.087,127.142,96.13,70.576,24.331,0.925,0.406,0.443,0.605,0.508,0.48,1.101,0.38,-0.33500000834465027,0.41200000047683716,0.623,0.598,0.599,0.402,0.31,0.328,0.421,0.418,0.422
55,chosensame/same658/kidjo02526.jpg,152.266,21.213,19.799,21.401,52.773,25.632,59.414,60.008,22.023,38.484,36.878,47.011,87.207,162.521,250.098,142.0,63.0,36.056,96.0,313.844,218.215,119.239,100.0,66.491,20.396,0.873,0.409,0.444,0.572,0.571,0.47,0.961,0.349,-0.3070000112056732,0.3919999897480011,0.638,0.602,0.605,0.42,0.328,0.347,0.464,0.454,0.459
56,chosensame/same658/kidjo03176.jpg,201.804,25.08,26.907,27.459,72.56,29.614,76.322,75.107,30.265,48.847,48.27,58.215,116.966,217.009,307.319,190.672,84.214,51.088,103.0,392.999,290.353,161.124,129.314,88.566,30.414,0.945,0.408,0.442,0.607,0.532,0.45,1.213,0.381,-0.4399999976158142,0.40799999237060547,0.549,0.513,0.516,0.34,0.28,0.293,0.347,0.343,0.346
57,chosensame/same658/kidjo03076.jpg,196.352,19.416,26.249,27.459,68.25,33.526,82.873,80.056,29.275,48.754,48.836,58.421,126.436,221.02,316.457,187.864,83.385,49.041,140.0,419.91,280.863,152.971,128.39,84.723,24.739,0.888,0.383,0.444,0.588,0.548,0.455,1.274,0.4,-0.23000000417232513,0.414000004529953,0.547,0.498,0.498,0.352,0.283,0.298,0.342,0.336,0.339
58,chosensame/same658/kidjo03351.jpg,188.534,24.331,25.612,27.459,63.151,33.242,73.824,71.113,29.428,47.854,47.676,56.436,122.483,225.036,311.777,188.066,82.492,50.09,83.0,358.353,276.062,150.814,125.575,87.664,20.881,0.885,0.39,0.439,0.607,0.53,0.449,0.858,0.393,-0.32199999690055847,0.4580000042915344,0.557,0.52,0.522,0.355,0.279,0.296,0.333,0.332,0.336
59,chosensame/same658/kidjo04626.jpg,191.846,20.224,27.019,27.459,68.469,32.757,74.431,70.178,30.15,47.927,48.508,59.304,122.053,222.056,308.715,192.938,84.291,52.24,121.0,402.196,281.711,158.398,123.406,89.944,26.306,0.913,0.405,0.437,0.62,0.521,0.481,1.301,0.395,-0.15399999916553497,0.4359999895095825,0.535,0.5,0.503,0.349,0.277,0.293,0.342,0.336,0.34
60,chosensame/same658/kidjo02576.jpg,148.223,21.213,22.023,23.022,47.676,25.71,59.682,62.201,22.204,39.812,38.833,48.374,88.119,169.145,238.925,151.954,64.382,42.048,81.0,300.603,220.193,119.683,100.603,72.007,13.601,0.922,0.426,0.424,0.653,0.536,0.481,0.641,0.369,-0.3790000081062317,0.4050000011920929,0.58,0.556,0.556,0.42,0.349,0.368,0.437,0.429,0.432
61,chosensame/same658/kidjo07276.jpg,197.122,27.166,29.0,28.302,68.469,32.14,77.414,74.33,32.388,48.754,49.244,61.4,123.471,219.584,301.304,196.919,82.298,56.143,109.0,394.924,286.276,157.623,128.658,89.202,27.295,0.95,0.406,0.418,0.682,0.51,0.477,1.005,0.41,-0.3330000042915344,0.41600000858306885,0.502,0.493,0.495,0.323,0.262,0.276,0.335,0.324,0.327
62,chosensame/same658/kidjo07226.jpg,195.474,25.318,23.601,25.495,72.567,33.838,71.063,74.243,29.614,47.885,47.518,57.706,118.457,215.671,303.516,185.777,80.062,50.636,87.0,372.508,286.575,163.783,123.045,91.22,30.806,0.944,0.423,0.431,0.632,0.485,0.469,1.217,0.39,-0.20499999821186066,0.4359999895095825,0.533,0.482,0.484,0.325,0.252,0.266,0.318,0.312,0.316
63,chosensame/same658/kidjo02901.jpg,200.569,23.345,28.653,27.019,75.326,33.541,81.615,78.102,30.594,52.393,49.659,64.938,120.669,222.272,310.459,197.101,83.744,53.6,69.0,356.957,288.903,163.417,125.515,88.527,30.265,0.931,0.398,0.425,0.64,0.519,0.517,1.296,0.389,-0.25099998712539673,0.4099999964237213,0.487,0.485,0.486,0.33,0.262,0.277,0.385,0.39,0.392
64,chosensame/same658/kidjo01651.jpg,153.73,18.248,21.633,22.023,57.219,26.306,55.444,54.918,24.331,39.812,39.357,50.488,94.763,178.62,240.187,155.364,65.115,42.953,62.0,287.141,225.73,129.124,96.69,72.007,23.087,0.94,0.403,0.419,0.66,0.508,0.522,1.265,0.395,-0.382999986410141,0.3569999933242798,0.552,0.55,0.553,0.394,0.31,0.328,0.543,0.542,0.546
65,chosensame/same658/kidjo07426.jpg,184.166,23.345,24.839,25.495,55.082,30.083,59.034,53.6,29.614,46.648,46.69,60.828,118.36,213.937,307.461,187.579,83.024,50.249,77.0,353.624,277.908,148.93,129.402,93.862,16.553,0.904,0.439,0.443,0.605,0.501,0.47,0.709,0.385,-0.33899998664855957,0.46399998664855957,0.516,0.486,0.488,0.368,0.292,0.308,0.308,0.315,0.317
66,chosensame/same658/kidjo05176.jpg,195.635,23.537,27.785,26.907,65.765,34.205,75.538,74.953,31.401,50.22,49.396,72.007,118.533,223.164,306.349,202.786,84.929,57.07,63.0,352.013,289.886,160.031,129.877,94.366,24.187,0.946,0.423,0.419,0.672,0.479,0.554,1.028,0.387,-0.33399999141693115,0.41600000858306885,0.476,0.486,0.488,0.33,0.281,0.293,0.375,0.38,0.383
67,chosensame/same658/kidjo02551.jpg,156.205,19.105,21.213,22.672,58.549,27.514,63.127,63.032,22.091,39.0,38.079,45.011,92.347,173.234,250.002,146.055,63.032,38.053,75.0,300.666,225.887,128.565,98.0,70.036,24.331,0.904,0.404,0.432,0.604,0.577,0.459,1.274,0.369,-0.41600000858306885,0.4000000059604645,0.598,0.562,0.564,0.401,0.315,0.331,0.441,0.433,0.437
68,chosensame/same658/kidjo05201.jpg,190.539,19.416,26.401,25.456,61.814,31.78,64.777,71.063,34.234,51.971,51.478,67.897,127.424,220.336,311.045,199.279,85.51,55.109,131.0,412.292,282.821,154.149,128.725,92.418,18.248,0.909,0.419,0.429,0.644,0.47,0.527,0.94,0.41,-0.11999999731779099,0.39899998903274536,0.511,0.52,0.522,0.355,0.302,0.318,0.394,0.396,0.399
69,chosensame/same658/kidjo07776.jpg,189.889,24.331,24.698,22.627,66.483,30.414,62.586,56.294,33.377,46.325,45.277,66.287,120.669,221.027,308.367,195.563,85.147,52.631,86.0,361.757,276.926,153.395,123.556,87.098,29.155,0.898,0.394,0.435,0.618,0.45,0.536,1.198,0.391,-0.18400000035762787,0.43700000643730164,0.519,0.514,0.518,0.321,0.26,0.273,0.438,0.443,0.445
70,chosensame/same658/kidjo05026.jpg,201.4,21.378,29.682,29.069,75.538,36.346,78.409,75.71,29.275,50.01,50.12,65.924,118.089,226.049,309.298,197.942,78.262,57.07,73.0,365.168,292.959,167.036,125.936,91.591,33.136,0.947,0.405,0.395,0.729,0.515,0.523,1.55,0.382,-0.1889999955892563,0.3889999985694885,0.462,0.463,0.464,0.339,0.274,0.288,0.367,0.37,0.374
71,chosensame/same658/kidjo04051.jpg,191.669,23.087,25.495,26.627,65.49,32.757,63.64,72.111,30.017,47.424,47.802,63.071,117.72,222.009,308.526,190.759,83.217,52.086,74.0,357.946,284.192,158.028,126.254,92.542,24.331,0.921,0.417,0.436,0.626,0.5,0.5,1.054,0.382,-0.28299999237060547,0.4729999899864197,0.538,0.498,0.499,0.362,0.285,0.303,0.363,0.356,0.359
72,chosensame/same658/kidjo08401.jpg,194.178,26.306,26.907,26.42,64.133,28.16,79.429,77.162,29.275,47.508,44.721,61.4,115.918,216.28,304.902,190.394,82.492,52.154,112.0,396.34,285.26,155.193,130.115,91.082,25.495,0.936,0.421,0.433,0.632,0.511,0.472,0.969,0.38,-0.16599999368190765,0.4869999885559082,0.504,0.471,0.472,0.342,0.27,0.286,0.337,0.329,0.333
73,chosensame/same658/kidjo03676.jpg,197.294,19.416,24.187,25.495,72.339,28.071,59.54,62.362,32.558,48.508,47.011,67.082,122.188,225.175,312.218,191.606,82.765,51.42,72.0,354.543,283.445,158.319,125.132,86.348,32.14,0.908,0.383,0.432,0.621,0.483,0.536,1.655,0.391,-0.1599999964237213,0.42100000381469727,0.528,0.505,0.507,0.35,0.274,0.288,0.355,0.374,0.377
74,chosensame/same658/kidjo01751.jpg,153.734,20.1,21.401,22.204,53.46,25.71,60.531,61.033,22.091,39.925,40.025,46.098,88.685,177.138,242.909,150.748,65.276,41.11,69.0,296.233,227.607,127.424,100.319,73.98,18.439,0.937,0.418,0.433,0.63,0.53,0.46,0.917,0.365,-0.4350000023841858,0.42800000309944153,0.597,0.565,0.566,0.417,0.34,0.36,0.416,0.411,0.414
75,chosensame/same658/kidjo04526.jpg,190.129,23.022,25.456,25.807,63.127,34.132,72.25,76.059,30.017,50.596,50.289,61.033,121.264,230.078,306.002,193.065,84.024,53.038,102.0,391.046,289.062,162.028,127.035,99.005,18.439,0.945,0.43,0.435,0.631,0.483,0.48,0.801,0.396,-0.3499999940395355,0.4259999990463257,0.533,0.51,0.51,0.353,0.292,0.308,0.419,0.411,0.415
76,chosensame/same658/kidjo04876.jpg,197.145,23.345,27.019,27.785,67.082,31.048,73.98,72.339,27.459,49.193,49.649,58.694,114.935,215.928,308.603,191.909,85.709,51.157,81.0,366.16,286.056,156.109,130.115,89.051,24.515,0.927,0.412,0.447,0.597,0.536,0.451,1.05,0.372,-0.33000001311302185,0.46399998664855957,0.533,0.498,0.502,0.355,0.289,0.305,0.338,0.334,0.337
77,chosensame/same658/kidjo04401.jpg,187.864,26.077,27.203,27.586,66.068,34.015,73.11,69.721,31.145,49.477,49.244,62.29,117.209,229.478,314.306,197.464,84.593,53.46,103.0,390.079,287.467,165.593,121.926,99.609,22.0,0.915,0.434,0.428,0.632,0.512,0.511,0.844,0.373,-0.164000004529953,0.4350000023841858,0.493,0.476,0.478,0.338,0.275,0.291,0.427,0.429,0.431
78,chosensame/same658/kidjo04851.jpg,197.018,26.173,25.495,26.077,70.711,34.713,80.062,77.006,30.15,47.424,48.052,59.304,121.062,225.18,304.657,192.842,84.38,52.24,59.0,349.561,290.878,164.615,126.396,93.904,29.428,0.955,0.417,0.438,0.619,0.494,0.469,1.124,0.397,-0.44999998807907104,0.48100000619888306,0.555,0.517,0.516,0.33,0.258,0.273,0.344,0.338,0.341
79,chosensame/same658/kidjo05151.jpg,197.608,23.345,28.302,28.425,70.349,30.594,77.414,75.0,31.401,50.99,51.0,67.082,115.741,222.623,306.922,197.307,82.765,54.12,75.0,359.221,285.07,157.686,127.475,87.476,26.077,0.929,0.393,0.419,0.654,0.524,0.526,1.117,0.377,-0.23999999463558197,0.382999986410141,0.477,0.478,0.48,0.351,0.279,0.295,0.372,0.376,0.379
80,chosensame/same658/kidjo03326.jpg,190.055,25.318,25.612,26.627,64.938,33.526,73.682,71.113,28.16,49.244,49.031,58.215,116.4,225.009,314.574,187.864,83.385,49.092,77.0,360.011,283.558,158.673,125.324,93.744,21.587,0.901,0.417,0.444,0.589,0.532,0.465,0.853,0.37,-0.3179999887943268,0.4650000035762787,0.547,0.507,0.509,0.361,0.283,0.302,0.329,0.327,0.33
81,chosensame/same658/kidjo04376.jpg,183.003,23.022,21.26,23.854,63.127,33.541,70.064,62.201,29.0,50.922,51.245,62.0,120.104,228.219,312.194,189.003,84.006,49.041,59.0,337.095,278.115,158.382,120.037,95.258,18.111,0.891,0.417,0.444,0.584,0.46,0.517,0.787,0.385,-0.2280000001192093,0.4950000047683716,0.586,0.544,0.545,0.365,0.292,0.309,0.406,0.409,0.412
82,chosensame/same658/kidjo02251.jpg,156.818,19.235,22.804,23.601,60.671,28.16,57.559,57.14,22.204,37.162,37.855,45.277,95.189,176.071,243.666,149.967,63.506,41.11,64.0,292.344,228.72,132.673,96.255,72.007,27.459,0.939,0.409,0.423,0.647,0.564,0.47,1.428,0.391,-0.40299999713897705,0.41100001335144043,0.562,0.54,0.54,0.392,0.302,0.319,0.417,0.417,0.42
83,chosensame/same658/kidjo03276.jpg,193.256,26.173,26.249,26.077,70.214,32.894,73.98,71.113,29.155,47.854,47.676,57.315,115.412,223.009,313.576,187.963,83.295,49.163,79.0,361.112,282.703,159.841,123.329,89.627,27.659,0.902,0.402,0.443,0.59,0.532,0.465,1.057,0.368,-0.32100000977516174,0.4569999873638153,0.553,0.506,0.51,0.349,0.27,0.287,0.33,0.329,0.332
84,chosensame/same658/kidjo05126.jpg,188.939,25.179,28.302,29.069,62.201,31.064,73.246,73.164,30.265,51.196,50.09,62.65,113.864,221.939,311.713,197.773,83.361,54.342,78.0,356.253,278.883,152.069,126.921,89.944,18.028,0.895,0.405,0.421,0.652,0.528,0.494,0.716,0.365,-0.23800000548362732,0.4169999957084656,0.474,0.468,0.469,0.359,0.292,0.309,0.428,0.424,0.427
85,chosensame/same658/kidjo04126.jpg,187.417,27.295,24.083,24.166,61.66,32.757,78.772,77.318,28.16,47.854,47.539,62.29,108.046,223.504,306.008,189.789,80.505,52.773,77.0,361.334,284.965,159.305,125.782,97.673,20.616,0.931,0.437,0.424,0.656,0.457,0.495,0.755,0.353,-0.19499999284744263,0.5009999871253967,0.547,0.557,0.562,0.371,0.294,0.312,0.351,0.345,0.348
86,chosensame/same658/kidjo06676.jpg,184.7,25.318,25.612,25.06,65.115,36.401,75.71,75.166,29.428,46.53,47.297,62.514,121.824,222.225,306.472,189.085,79.906,53.6,80.0,363.321,283.975,164.402,119.708,99.298,24.739,0.927,0.447,0.423,0.671,0.473,0.522,0.977,0.398,-0.06199999898672104,0.46399998664855957,0.558,0.497,0.499,0.334,0.261,0.277,0.301,0.301,0.304
87,chosensame/same658/kidjo06776.jpg,191.909,27.295,18.439,22.472,74.33,36.77,72.801,78.102,29.428,46.957,47.854,57.706,117.277,214.234,308.663,179.694,76.118,49.244,90.0,372.239,283.27,165.952,117.72,91.679,32.985,0.918,0.428,0.424,0.647,0.415,0.49,1.208,0.38,-0.24199999868869781,0.44600000977516174,0.594,0.56,0.558,0.336,0.253,0.269,0.301,0.3,0.303
88,chosensame/same658/kidjo08376.jpg,187.417,22.561,26.401,26.926,66.753,34.176,66.708,71.113,27.295,43.829,44.385,59.414,116.103,218.229,309.362,187.107,78.772,50.359,72.0,353.873,282.606,162.188,120.702,95.567,28.636,0.914,0.438,0.421,0.639,0.529,0.492,1.269,0.375,-0.14100000262260437,0.4690000116825104,0.482,0.435,0.437,0.343,0.26,0.276,0.31,0.313,0.316
89,chosensame/same658/kidjo08176.jpg,196.787,25.495,23.022,24.597,74.216,35.341,73.763,75.166,29.428,48.877,47.265,56.719,121.807,218.277,318.611,179.694,78.918,47.518,88.0,370.109,283.388,161.047,122.919,86.833,32.985,0.889,0.398,0.439,0.602,0.501,0.461,1.294,0.382,-0.3720000088214874,0.4350000023841858,0.536,0.472,0.474,0.327,0.249,0.263,0.31,0.304,0.309
90,chosensame/same658/kidjo04476.jpg,192.502,25.179,28.844,29.0,68.264,33.377,75.326,71.568,33.136,50.22,49.193,64.382,122.495,229.961,309.982,197.464,82.735,54.589,105.0,390.571,286.149,161.895,124.31,93.648,25.08,0.923,0.407,0.419,0.66,0.53,0.518,0.996,0.395,-0.23000000417232513,0.4020000100135803,0.461,0.467,0.469,0.334,0.265,0.279,0.434,0.432,0.435
91,chosensame/same658/kidjo06876.jpg,192.629,25.318,25.0,26.926,70.036,34.54,73.164,73.11,30.265,46.519,46.872,56.321,114.586,220.057,310.928,185.559,80.753,49.254,93.0,374.712,282.606,160.228,122.691,90.244,28.636,0.909,0.41,0.435,0.61,0.527,0.459,1.131,0.369,-0.19300000369548798,0.4399999976158142,0.543,0.488,0.491,0.343,0.266,0.282,0.283,0.282,0.286
92,chosensame/same658/kidjo07976.jpg,190.539,25.495,20.0,22.472,65.924,33.242,62.936,68.469,28.443,46.065,48.27,60.828,103.586,216.227,305.483,183.183,85.159,48.27,85.0,379.158,295.357,170.836,124.615,105.019,25.71,0.967,0.486,0.465,0.567,0.44,0.488,1.008,0.339,-0.13199999928474426,0.4860000014305115,0.597,0.537,0.533,0.341,0.275,0.293,0.329,0.323,0.325
93,chosensame/same658/kidjo06701.jpg,188.939,25.318,25.612,25.554,68.25,35.44,79.831,79.101,28.443,45.651,45.706,58.549,117.277,220.511,303.798,189.085,79.762,52.773,79.0,361.448,283.132,162.432,120.814,94.202,28.636,0.932,0.427,0.422,0.662,0.485,0.485,1.131,0.386,-0.4480000138282776,0.48399999737739563,0.537,0.486,0.487,0.328,0.258,0.272,0.304,0.302,0.306
94,chosensame/same658/kidjo03976.jpg,196.023,27.166,20.0,22.136,69.462,30.265,70.036,73.11,34.234,48.754,48.765,65.376,122.483,220.327,303.205,191.269,84.481,51.478,88.0,373.976,286.276,159.706,126.57,90.272,28.443,0.944,0.41,0.442,0.609,0.409,0.517,1.047,0.404,-0.22699999809265137,0.4650000035762787,0.579,0.618,0.62,0.335,0.269,0.284,0.379,0.371,0.375
95,chosensame/same658/kidjo08001.jpg,191.416,23.345,24.207,24.597,64.031,28.792,66.94,72.56,31.575,47.434,45.398,62.968,124.952,218.552,307.43,189.082,82.201,52.345,65.0,346.554,282.604,155.232,127.577,91.22,24.739,0.919,0.417,0.435,0.637,0.466,0.494,1.06,0.406,-0.2529999911785126,0.4390000104904175,0.514,0.469,0.47,0.336,0.269,0.283,0.311,0.301,0.304
96,chosensame/same658/kidjo07651.jpg,183.984,24.083,22.472,23.345,69.007,32.757,63.388,59.682,28.284,48.083,45.31,61.66,110.454,219.993,324.863,184.567,80.753,47.676,73.0,350.892,278.126,163.077,115.741,94.191,28.0,0.856,0.428,0.438,0.59,0.481,0.533,1.163,0.34,-0.210999995470047,0.48500001430511475,0.518,0.486,0.49,0.326,0.257,0.272,0.398,0.395,0.398
97,chosensame/same658/kidjo07351.jpg,189.391,26.476,22.804,24.698,63.151,31.016,69.376,72.443,27.295,46.957,48.27,61.522,105.721,214.457,309.726,182.2,82.201,47.518,110.0,391.175,282.804,156.924,126.289,93.963,23.087,0.913,0.438,0.451,0.578,0.5,0.487,0.872,0.341,-0.09799999743700027,0.4399999976158142,0.517,0.474,0.478,0.36,0.275,0.293,0.304,0.3,0.303
98,chosensame/same658/kidjo01526.jpg,146.758,13.342,20.591,20.248,58.856,32.388,56.719,55.082,25.71,38.328,38.275,51.42,97.293,176.819,246.909,151.344,64.761,40.025,67.0,288.028,222.245,134.347,88.057,75.505,26.306,0.9,0.427,0.428,0.618,0.51,0.584,1.972,0.394,-0.09300000220537186,0.34700000286102295,0.545,0.535,0.537,0.379,0.3,0.316,0.39,0.398,0.4
99,chosensame/same658/kidjo01901.jpg,152.555,20.1,21.213,20.809,51.352,24.187,57.219,55.036,25.08,39.395,39.051,48.166,93.648,171.143,240.408,152.266,66.121,42.0,55.0,279.716,224.891,123.685,101.242,72.339,18.248,0.935,0.423,0.434,0.635,0.5,0.476,0.908,0.39,-0.19200000166893005,0.42899999022483826,0.639,0.609,0.61,0.409,0.332,0.349,0.494,0.485,0.488
100,chosensame/same658/kidjo03576.jpg,192.512,22.204,25.06,25.612,64.281,31.064,68.359,69.635,29.275,52.173,51.0,66.098,118.229,226.153,311.849,193.569,83.744,52.393,73.0,355.857,283.593,155.293,128.456,91.082,20.1,0.909,0.403,0.433,0.626,0.484,0.515,0.905,0.379,-0.23600000143051147,0.4410000145435333,0.516,0.494,0.495,0.367,0.293,0.311,0.376,0.38,0.382
101,chosensame/same658/kidjo07826.jpg,190.224,21.213,23.259,21.932,67.365,29.155,60.671,56.754,31.401,48.052,47.885,63.789,115.849,221.822,307.519,189.264,84.345,50.448,85.0,360.943,276.848,153.883,122.984,86.683,27.074,0.9,0.391,0.446,0.598,0.448,0.519,1.276,0.377,-0.12700000405311584,0.4230000078678131,0.536,0.521,0.522,0.345,0.273,0.289,0.417,0.424,0.427
102,chosensame/same658/kidjo03126.jpg,190.851,25.179,26.249,28.018,66.753,33.242,77.647,77.026,28.071,49.244,48.052,58.138,115.732,221.0,312.231,188.521,83.295,49.01,80.0,358.712,279.202,155.364,124.258,88.645,23.537,0.894,0.401,0.442,0.588,0.554,0.468,0.935,0.371,-0.3059999942779541,0.44600000977516174,0.528,0.502,0.504,0.357,0.282,0.299,0.339,0.335,0.338
103,chosensame/same658/kidjo04501.jpg,194.928,23.195,26.627,24.759,73.171,35.228,79.101,73.553,33.136,49.477,49.244,62.201,120.416,229.961,307.467,191.157,80.505,53.235,109.0,394.221,285.687,163.884,121.807,90.796,30.067,0.929,0.395,0.421,0.661,0.483,0.511,1.296,0.392,-0.2720000147819519,0.41600000858306885,0.471,0.509,0.51,0.335,0.265,0.28,0.403,0.402,0.405
104,chosensame/same658/kidjo07676.jpg,178.059,24.187,21.471,21.932,67.119,36.222,63.64,61.392,26.476,45.122,44.294,61.0,109.037,227.561,335.872,179.047,79.906,45.706,62.0,335.726,274.117,163.371,111.4,96.255,28.018,0.816,0.423,0.446,0.572,0.475,0.548,1.158,0.325,-0.2150000035762787,0.4950000047683716,0.546,0.509,0.513,0.321,0.253,0.268,0.353,0.353,0.356
105,chosensame/same658/kidjo08326.jpg,202.544,26.306,24.839,24.187,76.688,31.321,77.279,74.108,32.388,48.021,46.53,61.66,124.535,221.443,303.908,187.949,82.735,50.488,104.0,391.829,288.849,162.975,126.02,86.313,36.674,0.95,0.39,0.44,0.61,0.486,0.489,1.394,0.41,-0.24699999392032623,0.43299999833106995,0.525,0.491,0.494,0.317,0.244,0.257,0.321,0.315,0.319
106,chosensame/same658/kidjo07176.jpg,182.858,26.306,24.207,23.707,61.984,33.838,72.567,69.354,26.306,42.059,44.147,57.706,105.721,217.083,308.663,184.456,81.049,49.649,86.0,366.895,281.78,161.012,120.934,99.04,24.739,0.913,0.456,0.439,0.613,0.483,0.477,0.94,0.343,-0.20100000500679016,0.45899999141693115,0.543,0.489,0.492,0.352,0.271,0.288,0.311,0.308,0.312
107,chosensame/same658/kidjo03376.jpg,199.331,27.166,26.249,27.459,72.18,32.573,74.813,74.061,28.284,49.659,48.836,58.421,116.108,219.021,310.71,187.864,84.291,49.163,82.0,369.066,287.656,160.639,127.393,88.459,28.862,0.926,0.404,0.449,0.583,0.546,0.459,1.062,0.374,-0.3319999873638153,0.44999998807907104,0.556,0.513,0.515,0.347,0.265,0.281,0.342,0.34,0.343
108,chosensame/same658/kidjo07301.jpg,197.773,28.636,25.0,25.942,70.831,31.78,70.342,74.33,30.414,47.508,46.271,55.731,113.358,215.595,306.752,185.13,80.895,49.254,69.0,354.611,286.723,160.078,127.142,89.286,29.833,0.935,0.414,0.437,0.609,0.517,0.438,1.042,0.37,-0.3059999942779541,0.4729999899864197,0.531,0.483,0.485,0.342,0.262,0.277,0.329,0.321,0.325
109,chosensame/same658/kidjo02801.jpg,187.984,21.84,27.731,27.203,63.789,34.928,75.954,74.33,31.78,46.872,46.325,66.708,117.478,219.538,310.942,199.625,83.934,54.406,92.0,373.524,283.323,159.05,124.455,95.341,24.331,0.911,0.434,0.42,0.648,0.505,0.536,1.114,0.378,-0.004000000189989805,0.38100001215934753,0.486,0.478,0.48,0.336,0.277,0.292,0.345,0.355,0.358
110,chosensame/same658/kidjo05101.jpg,195.635,21.378,26.42,29.069,69.462,31.145,63.388,69.857,31.401,50.01,50.12,65.924,121.062,218.277,310.664,197.687,83.744,53.6,80.0,364.177,285.07,158.824,126.301,89.443,27.166,0.918,0.41,0.424,0.64,0.518,0.522,1.271,0.39,-0.20900000631809235,0.3930000066757202,0.486,0.478,0.48,0.338,0.276,0.29,0.362,0.368,0.37
111,chosensame/same658/kidjo07451.jpg,192.213,24.515,23.431,23.77,68.884,29.411,62.817,58.052,30.594,45.793,45.398,58.856,123.223,221.199,307.461,185.777,82.037,50.636,86.0,366.46,281.824,158.619,123.471,89.739,29.833,0.917,0.406,0.442,0.617,0.466,0.477,1.217,0.401,-0.26600000262260437,0.4429999887943268,0.524,0.481,0.487,0.327,0.254,0.268,0.312,0.309,0.312
112,chosensame/same658/kidjo04551.jpg,195.126,22.023,27.586,27.019,68.184,35.128,81.099,77.162,30.017,51.865,50.961,59.034,117.209,230.035,307.002,194.041,83.024,53.009,106.0,398.08,292.11,165.109,127.016,97.005,22.204,0.951,0.422,0.428,0.638,0.515,0.465,1.008,0.382,-0.3720000088214874,0.4320000112056732,0.504,0.493,0.495,0.351,0.29,0.306,0.385,0.379,0.383
113,chosensame/same658/kidjo01601.jpg,148.678,20.396,21.024,22.204,50.99,25.318,52.953,53.451,22.804,39.205,39.661,50.695,87.801,172.525,247.524,151.648,65.521,40.162,77.0,294.279,218.79,121.202,97.801,70.214,16.279,0.884,0.407,0.432,0.613,0.538,0.518,0.798,0.355,-0.1889999955892563,0.37599998712539673,0.571,0.558,0.562,0.406,0.332,0.35,0.477,0.48,0.484
114,chosensame/same658/kidjo03301.jpg,194.366,24.515,25.612,27.459,69.231,32.894,72.18,70.456,29.275,48.301,46.69,56.321,117.712,221.057,311.849,190.055,84.38,49.163,78.0,360.34,282.986,158.07,125.399,88.843,27.459,0.907,0.402,0.444,0.583,0.54,0.449,1.12,0.377,-0.3440000116825104,0.44600000977516174,0.542,0.495,0.496,0.351,0.273,0.289,0.327,0.325,0.329
115,chosensame/same658/kidjo04651.jpg,196.919,26.173,24.759,23.707,76.531,34.928,82.735,77.104,28.16,50.16,50.22,58.31,117.098,220.145,305.655,187.963,81.394,51.478,69.0,357.179,288.461,168.077,120.416,91.548,32.388,0.944,0.416,0.433,0.632,0.471,0.484,1.237,0.383,-0.39800000190734863,0.47099998593330383,0.544,0.534,0.534,0.323,0.255,0.27,0.332,0.328,0.332
116,chosensame/same658/kidjo02626.jpg,151.076,20.224,23.431,23.022,51.624,24.739,55.326,56.223,24.187,37.121,36.878,48.26,95.189,173.234,239.835,151.845,64.281,42.048,82.0,301.304,219.791,120.354,99.504,68.731,19.416,0.916,0.397,0.423,0.654,0.552,0.485,0.96,0.397,-0.2409999966621399,0.4180000126361847,0.578,0.56,0.561,0.413,0.331,0.349,0.431,0.425,0.429
117,chosensame/same658/kidjo03601.jpg,193.83,20.396,24.597,24.083,66.37,31.145,69.584,67.912,30.414,48.27,47.011,64.133,119.52,226.153,310.105,192.208,83.744,51.662,71.0,350.728,280.672,153.056,127.675,86.885,26.173,0.905,0.384,0.436,0.617,0.471,0.502,1.283,0.385,-0.2029999941587448,0.42100000381469727,0.542,0.516,0.518,0.352,0.281,0.297,0.39,0.395,0.397
118,chosensame/same658/kidjo06526.jpg,189.489,23.537,26.401,25.612,76.42,36.0,66.287,74.632,28.862,47.854,46.141,64.031,113.78,223.486,342.013,201.854,88.074,54.571,70.0,348.528,279.664,166.595,113.886,90.255,35.128,0.818,0.404,0.436,0.62,0.477,0.562,1.492,0.333,-0.20100000500679016,0.46700000762939453,0.487,0.46,0.464,0.307,0.244,0.258,0.327,0.329,0.332
119,chosensame/same658/kidjo07751.jpg,194.25,26.077,23.324,24.083,76.059,33.242,63.127,59.682,28.284,49.477,48.847,61.522,114.63,223.376,317.456,181.728,80.753,46.872,80.0,362.008,282.294,164.195,118.533,88.142,32.016,0.889,0.395,0.444,0.58,0.506,0.519,1.228,0.361,-0.14000000059604645,0.4690000116825104,0.514,0.481,0.484,0.324,0.25,0.265,0.434,0.436,0.438
120,chosensame/same658/kidjo08276.jpg,187.579,21.587,25.0,25.06,62.586,30.083,66.287,61.984,30.414,47.885,47.518,58.694,119.641,217.83,306.888,185.443,83.024,49.366,69.0,345.094,277.115,152.315,125.16,89.739,21.84,0.903,0.412,0.448,0.595,0.507,0.469,1.012,0.39,-0.18000000715255737,0.4869999885559082,0.539,0.491,0.495,0.359,0.284,0.301,0.321,0.318,0.322
121,chosensame/same658/kidjo02151.jpg,149.967,22.204,20.809,20.809,53.759,28.46,60.671,59.076,23.195,38.91,38.639,45.277,93.381,178.025,244.591,148.098,63.388,41.304,67.0,291.349,224.751,128.565,96.333,74.813,19.416,0.919,0.42,0.428,0.652,0.504,0.47,0.874,0.382,-0.3440000116825104,0.4259999990463257,0.623,0.58,0.581,0.397,0.31,0.328,0.424,0.419,0.423
122,chosensame/same658/kidjo04901.jpg,184.44,23.195,19.799,22.472,62.968,31.385,72.993,68.731,28.16,49.244,49.031,56.223,114.272,220.184,309.095,184.318,78.638,49.366,71.0,339.991,269.78,148.708,121.594,85.866,19.925,0.873,0.39,0.427,0.628,0.428,0.462,0.859,0.37,-0.26100000739097595,0.48899999260902405,0.607,0.598,0.601,0.369,0.301,0.317,0.345,0.345,0.348
123,chosensame/same658/kidjo03201.jpg,196.825,27.166,25.456,26.077,70.576,30.806,76.322,74.431,32.14,48.754,48.27,61.205,122.919,222.11,307.587,193.582,85.212,52.086,94.0,377.117,283.487,157.277,126.321,86.701,29.275,0.922,0.39,0.44,0.611,0.495,0.485,1.078,0.4,-0.37400001287460327,0.41200000047683716,0.573,0.531,0.532,0.346,0.266,0.281,0.33,0.326,0.328
124,chosensame/same658/kidjo03401.jpg,183.448,25.318,24.083,25.06,59.841,32.985,77.104,73.171,31.257,48.301,48.508,65.376,127.577,227.317,311.353,194.487,82.608,54.452,71.0,346.978,276.487,152.895,123.685,93.059,18.682,0.888,0.409,0.425,0.659,0.451,0.529,0.738,0.41,-0.12399999797344208,0.460999995470047,0.588,0.526,0.528,0.355,0.283,0.299,0.334,0.335,0.338
125,chosensame/same658/kidjo04176.jpg,199.424,24.021,21.633,20.616,78.026,36.0,66.0,70.859,33.061,47.127,47.011,64.195,121.103,233.566,308.462,189.447,84.214,50.01,74.0,369.542,295.677,174.233,121.499,96.255,38.0,0.959,0.412,0.445,0.594,0.422,0.528,1.582,0.393,-0.0560000017285347,0.4560000002384186,0.575,0.535,0.537,0.322,0.248,0.261,0.353,0.362,0.365
126,chosensame/same658/kidjo07801.jpg,187.673,23.195,22.847,21.213,64.07,24.083,59.682,54.745,33.242,48.765,46.957,64.777,120.503,227.543,309.115,190.434,84.528,50.695,59.0,329.201,270.681,146.874,123.968,83.024,24.021,0.876,0.365,0.444,0.6,0.435,0.523,1.036,0.39,-0.25699999928474426,0.4050000011920929,0.543,0.528,0.53,0.349,0.275,0.291,0.496,0.501,0.503
127,chosensame/same658/kidjo02101.jpg,154.729,20.224,20.0,20.248,60.828,28.792,59.682,57.009,22.204,36.674,35.693,44.181,90.094,176.0,250.338,144.679,63.388,38.118,67.0,293.437,226.861,133.18,94.133,72.367,28.443,0.906,0.411,0.438,0.601,0.528,0.469,1.406,0.36,-0.3409999907016754,0.4269999861717224,0.629,0.579,0.582,0.396,0.306,0.323,0.429,0.425,0.428
128,chosensame/same658/kidjo02776.jpg,203.273,21.84,26.0,25.807,78.772,32.985,77.104,73.736,32.757,49.649,46.648,64.288,123.223,217.168,308.133,195.88,84.481,51.546,95.0,382.832,290.078,165.197,125.0,86.977,37.336,0.941,0.401,0.431,0.61,0.503,0.514,1.71,0.4,-0.0,0.37599998712539673,0.481,0.48,0.482,0.323,0.26,0.273,0.333,0.349,0.352
129,chosensame/same658/kidjo04226.jpg,181.033,18.682,22.136,20.518,55.109,18.248,57.871,52.887,39.051,39.85,39.699,73.756,141.439,221.206,314.326,192.855,85.376,51.245,84.0,345.094,262.408,136.499,125.929,81.394,27.659,0.835,0.368,0.443,0.6,0.416,0.586,1.481,0.45,-0.2460000067949295,0.40799999237060547,0.608,0.575,0.578,0.274,0.257,0.264,0.529,0.539,0.541
130,chosensame/same658/kidjo01626.jpg,155.708,17.263,23.022,23.431,60.299,25.318,57.428,54.745,25.318,38.079,37.59,51.624,95.037,178.899,241.506,155.541,64.133,44.147,62.0,287.265,225.887,130.392,95.525,70.214,27.166,0.935,0.392,0.412,0.688,0.526,0.54,1.574,0.394,-0.3100000023841858,0.35899999737739563,0.541,0.541,0.544,0.384,0.306,0.322,0.543,0.542,0.546
131,chosensame/same658/kidjo01976.jpg,154.208,23.022,21.213,20.809,56.223,27.166,59.211,57.0,23.022,38.626,38.897,50.04,95.258,178.003,241.052,151.162,64.07,42.012,71.0,297.33,226.433,128.472,98.046,72.25,22.204,0.939,0.406,0.424,0.656,0.5,0.51,0.964,0.395,-0.13099999725818634,0.42800000309944153,0.634,0.607,0.609,0.391,0.304,0.322,0.445,0.442,0.446
132,chosensame/same658/kidjo07376.jpg,183.984,24.515,24.413,25.495,59.908,30.463,65.513,61.188,32.388,47.508,47.381,58.694,122.025,219.738,307.483,185.777,82.201,49.497,66.0,338.662,273.788,149.897,124.31,89.989,18.974,0.89,0.41,0.442,0.602,0.504,0.472,0.774,0.397,-0.3630000054836273,0.460999995470047,0.516,0.472,0.475,0.357,0.281,0.297,0.312,0.312,0.315
133,chosensame/same658/kidjo02601.jpg,148.862,23.087,22.023,22.204,49.649,24.331,50.359,55.082,24.083,37.577,37.108,49.163,92.779,170.144,240.674,151.559,66.272,41.012,84.0,305.026,221.416,122.188,99.323,72.56,17.464,0.92,0.426,0.437,0.619,0.539,0.495,0.756,0.385,-0.2750000059604645,0.43700000643730164,0.611,0.585,0.586,0.41,0.329,0.347,0.468,0.462,0.465
134,chosensame/same658/kidjo02026.jpg,150.213,21.024,20.518,21.401,51.352,26.306,57.079,55.009,23.022,37.696,38.328,46.043,95.258,177.071,243.002,150.163,65.031,41.049,73.0,298.329,225.435,126.57,99.02,75.24,18.248,0.928,0.425,0.433,0.631,0.511,0.465,0.868,0.392,-0.2590000033378601,0.41600000858306885,0.625,0.597,0.6,0.417,0.33,0.347,0.458,0.456,0.459
135,chosensame/same658/kidjo05051.jpg,202.675,22.204,26.42,25.495,80.225,34.366,77.233,73.546,32.249,50.695,50.09,67.602,122.801,220.484,309.401,198.759,84.172,54.918,68.0,360.694,293.319,170.696,122.642,90.802,37.121,0.948,0.412,0.423,0.652,0.473,0.551,1.672,0.397,-0.17599999904632568,0.3959999978542328,0.502,0.491,0.493,0.324,0.253,0.268,0.356,0.359,0.363
136,chosensame/same658/kidjo01551.jpg,149.833,21.213,20.591,20.616,51.478,26.173,55.579,55.317,22.561,39.623,38.949,50.99,88.284,173.003,247.421,151.855,66.708,39.56,71.0,296.985,226.921,128.565,98.489,77.104,17.263,0.917,0.446,0.439,0.593,0.521,0.518,0.814,0.357,-0.33500000834465027,0.39500001072883606,0.6,0.578,0.58,0.404,0.327,0.345,0.506,0.506,0.508
137,chosensame/same658/kidjo08026.jpg,186.762,24.515,27.019,27.295,58.694,31.623,78.262,76.42,31.401,47.508,47.265,58.694,126.696,221.578,305.251,189.235,81.884,52.24,106.0,386.381,281.656,153.587,128.269,94.921,17.72,0.923,0.428,0.433,0.638,0.52,0.458,0.723,0.415,-0.3230000138282776,0.41600000858306885,0.496,0.459,0.46,0.346,0.277,0.291,0.32,0.309,0.311
138,chosensame/same658/kidjo02076.jpg,157.318,21.095,22.672,22.023,60.299,28.636,59.135,54.037,24.021,37.162,37.363,48.094,95.425,174.0,240.169,151.268,64.125,42.012,65.0,293.615,228.79,131.856,97.082,71.568,28.16,0.953,0.411,0.424,0.655,0.532,0.495,1.335,0.397,-0.1860000044107437,0.41600000858306885,0.599,0.568,0.571,0.384,0.297,0.313,0.439,0.438,0.441
139,chosensame/same658/kidjo02201.jpg,156.554,21.378,22.204,23.022,60.208,28.231,56.886,56.321,22.361,37.59,36.346,44.553,94.921,174.141,245.177,148.354,62.514,40.2,72.0,299.55,228.355,132.22,96.519,72.035,27.459,0.931,0.414,0.421,0.643,0.563,0.462,1.284,0.387,-0.5789999961853027,0.40400001406669617,0.575,0.538,0.54,0.388,0.299,0.315,0.393,0.392,0.395
140,chosensame/same658/kidjo01726.jpg,150.562,19.235,21.26,21.095,57.315,26.926,55.444,53.151,23.195,34.438,35.171,47.17,90.67,174.046,241.466,149.753,64.195,41.195,66.0,288.998,223.294,130.115,93.263,72.835,27.166,0.925,0.418,0.429,0.642,0.514,0.506,1.412,0.375,-0.30399999022483826,0.4230000078678131,0.624,0.579,0.582,0.385,0.306,0.321,0.419,0.417,0.42
141,chosensame/same658/kidjo03951.jpg,195.655,26.077,24.083,24.698,71.701,32.28,72.835,70.007,30.067,47.011,46.573,60.208,117.835,221.0,309.364,188.597,84.214,49.163,67.0,353.034,286.276,162.364,124.145,90.67,31.575,0.925,0.41,0.447,0.584,0.496,0.485,1.211,0.381,-0.27000001072883606,0.4790000021457672,0.57,0.529,0.53,0.33,0.258,0.273,0.352,0.348,0.352
142,chosensame/same658/kidjo03626.jpg,198.134,19.416,23.259,23.345,73.171,30.265,69.354,67.912,33.541,49.041,46.957,66.91,125.028,224.964,311.849,191.802,84.723,50.448,67.0,351.16,284.903,159.665,125.32,86.885,33.242,0.914,0.386,0.442,0.595,0.462,0.534,1.712,0.401,-0.1940000057220459,0.4090000092983246,0.55,0.524,0.527,0.331,0.265,0.28,0.365,0.371,0.374
143,chosensame/same658/kidjo06626.jpg,201.099,23.345,21.932,23.259,81.615,35.171,76.485,80.025,30.15,47.854,48.052,60.299,119.365,217.279,309.013,184.44,78.518,50.488,95.0,383.51,289.007,169.567,119.507,87.966,39.319,0.935,0.405,0.426,0.643,0.448,0.505,1.684,0.386,-0.328000009059906,0.4650000035762787,0.556,0.547,0.548,0.322,0.247,0.262,0.315,0.312,0.314
144,chosensame/same658/kidjo03226.jpg,190.515,25.179,26.249,27.203,64.498,33.242,75.802,74.007,27.074,48.466,49.477,57.14,117.614,223.036,312.194,189.676,83.217,50.16,78.0,363.325,285.687,159.966,126.143,95.525,21.378,0.915,0.428,0.439,0.603,0.533,0.453,0.849,0.377,-0.2800000011920929,0.4819999933242798,0.557,0.506,0.51,0.354,0.285,0.302,0.347,0.345,0.348
145,chosensame/same658/kidjo04101.jpg,200.212,25.179,24.759,24.187,78.918,32.757,71.021,71.253,33.136,47.854,47.297,62.29,125.16,224.223,312.258,192.044,83.385,52.345,67.0,356.624,290.0,168.716,121.413,89.805,37.483,0.929,0.401,0.434,0.628,0.468,0.513,1.489,0.401,-0.2070000022649765,0.4440000057220459,0.598,0.54,0.542,0.325,0.249,0.263,0.347,0.339,0.344
146,chosensame/same658/kidjo07951.jpg,190.539,23.345,21.26,22.847,66.94,34.928,75.186,74.33,31.401,46.648,46.39,58.694,123.556,223.224,314.841,182.483,81.216,48.374,86.0,370.39,285.414,161.83,123.911,94.921,26.926,0.907,0.425,0.445,0.596,0.456,0.474,1.153,0.392,-0.30399999022483826,0.46299999952316284,0.546,0.503,0.504,0.33,0.252,0.267,0.286,0.285,0.288
147,chosensame/same658/kidjo08226.jpg,192.676,20.616,24.207,26.42,72.78,33.541,71.063,70.349,29.614,46.648,45.398,56.886,121.511,219.276,316.938,183.469,79.076,49.366,89.0,370.951,283.196,163.478,120.071,90.708,32.757,0.894,0.414,0.431,0.624,0.513,0.474,1.589,0.383,-0.31200000643730164,0.42100000381469727,0.53,0.469,0.471,0.332,0.254,0.27,0.294,0.293,0.297
148,chosensame/same658/kidjo08201.jpg,182.822,25.495,23.601,25.06,61.131,33.106,75.928,73.437,29.428,46.648,46.53,58.694,122.25,217.518,316.057,180.854,79.076,48.508,90.0,364.485,275.951,154.538,122.053,93.408,21.19,0.873,0.429,0.437,0.613,0.502,0.481,0.831,0.387,-0.34599998593330383,0.4129999876022339,0.538,0.475,0.478,0.344,0.267,0.283,0.285,0.283,0.287
149,chosensame/same658/kidjo06901.jpg,192.762,26.476,27.203,26.926,69.051,34.176,74.967,71.253,29.428,47.854,46.69,57.428,118.87,216.187,306.472,186.682,82.608,49.254,105.0,385.753,281.78,158.269,123.794,89.269,27.659,0.919,0.413,0.443,0.596,0.549,0.464,1.045,0.388,-0.21899999678134918,0.40700000524520874,0.506,0.466,0.469,0.342,0.261,0.276,0.298,0.296,0.299
150,chosensame/same658/kidjo04951.jpg,191.416,23.537,29.155,28.425,63.64,29.833,75.133,70.342,31.575,51.624,51.478,65.115,118.697,225.754,308.807,199.902,83.433,54.818,87.0,370.666,284.788,157.003,127.883,93.381,19.235,0.922,0.414,0.417,0.657,0.525,0.509,0.817,0.384,-0.25099998712539673,0.42500001192092896,0.477,0.48,0.482,0.357,0.291,0.307,0.417,0.419,0.422
151,chosensame/same658/kidjo07901.jpg,188.939,24.515,24.839,26.42,65.307,34.785,75.928,76.236,27.659,45.177,45.706,56.719,117.478,219.228,311.752,186.271,81.049,49.254,75.0,363.055,288.849,165.327,123.794,100.02,25.71,0.927,0.456,0.435,0.608,0.52,0.458,1.049,0.377,-0.2800000011920929,0.4580000042915344,0.499,0.445,0.445,0.341,0.265,0.281,0.294,0.29,0.294
152,chosensame/same658/kidjo02826.jpg,188.298,20.616,27.295,27.203,63.64,33.734,78.772,74.632,30.806,49.031,45.651,63.789,119.239,219.764,305.851,198.658,83.934,53.16,108.0,390.616,284.754,159.878,124.908,96.566,22.561,0.931,0.439,0.423,0.633,0.513,0.511,1.094,0.39,-0.16599999368190765,0.421999990940094,0.482,0.478,0.48,0.352,0.286,0.302,0.346,0.357,0.36
153,chosensame/same658/kidjo08151.jpg,165.774,21.213,24.207,23.854,60.671,40.025,71.386,68.118,31.257,45.188,46.84,61.4,129.711,228.055,315.406,187.808,77.929,52.773,77.0,343.494,266.925,161.941,105.233,101.272,20.616,0.846,0.444,0.415,0.677,0.455,0.583,0.972,0.411,0.006000000052154064,0.48899999260902405,0.507,0.473,0.477,0.324,0.255,0.27,0.268,0.271,0.274
154,chosensame/same658/kidjo07851.jpg,200.721,25.08,25.456,25.239,85.709,37.483,70.576,68.066,33.136,46.53,45.354,64.195,124.788,227.079,313.517,189.594,82.298,51.157,88.0,379.891,292.159,177.133,115.156,91.444,46.271,0.932,0.403,0.434,0.622,0.495,0.557,1.845,0.398,-0.23999999463558197,0.4580000042915344,0.504,0.469,0.47,0.29,0.223,0.235,0.325,0.323,0.326
155,chosensame/same658/kidjo07251.jpg,190.224,27.459,28.601,28.302,68.659,35.735,78.854,76.322,29.428,46.53,47.676,57.559,117.478,220.384,308.877,191.525,80.231,53.46,79.0,363.186,285.07,163.573,121.807,94.921,27.203,0.923,0.431,0.419,0.666,0.532,0.473,0.991,0.38,-0.1599999964237213,0.4320000112056732,0.507,0.457,0.459,0.332,0.257,0.272,0.301,0.298,0.302
156,chosensame/same658/kidjo03151.jpg,188.409,24.331,26.249,25.554,61.814,33.242,78.09,76.236,30.414,48.754,49.031,60.407,122.483,225.435,309.181,192.38,82.608,52.345,74.0,354.38,281.007,154.557,126.669,92.763,19.647,0.909,0.411,0.429,0.634,0.495,0.477,0.807,0.396,-0.20200000703334808,0.46000000834465027,0.573,0.517,0.516,0.353,0.289,0.305,0.33,0.324,0.327
157,chosensame/same658/kidjo04976.jpg,190.045,24.515,27.295,29.206,64.777,32.388,65.49,72.125,32.757,50.804,49.739,67.469,118.457,222.463,306.575,199.151,84.404,53.16,76.0,359.869,285.17,159.841,125.399,95.126,21.378,0.93,0.428,0.424,0.63,0.531,0.538,0.872,0.386,-0.19499999284744263,0.39899998903274536,0.47,0.47,0.47,0.351,0.283,0.299,0.341,0.355,0.358
158,chosensame/same658/kidjo01501.jpg,148.933,17.72,20.125,20.809,49.649,26.683,58.856,57.009,21.587,38.471,37.736,52.393,90.471,173.666,240.666,153.769,65.253,41.761,63.0,284.369,222.892,123.454,99.459,74.041,17.263,0.926,0.426,0.424,0.64,0.49,0.527,0.974,0.376,-0.3970000147819519,0.367000013589859,0.569,0.553,0.555,0.402,0.336,0.353,0.432,0.436,0.439
159,chosensame/same658/kidjo04026.jpg,194.833,24.187,24.759,26.077,64.63,27.659,58.421,64.031,32.062,47.854,46.573,64.125,115.849,216.021,307.319,192.375,84.149,53.0,64.0,348.21,284.482,154.302,130.311,89.677,24.331,0.926,0.415,0.437,0.63,0.48,0.492,1.006,0.377,-0.382999986410141,0.4790000021457672,0.57,0.532,0.534,0.359,0.291,0.306,0.387,0.384,0.386
160,chosensame/same658/kidjo05001.jpg,195.164,23.345,24.597,27.019,71.253,33.061,77.524,76.655,29.428,47.854,45.651,62.37,115.572,219.738,312.386,191.133,82.225,49.729,74.0,354.543,281.476,157.407,124.427,86.313,30.067,0.901,0.393,0.43,0.605,0.519,0.501,1.288,0.37,-0.2800000011920929,0.44999998807907104,0.508,0.486,0.489,0.331,0.263,0.277,0.367,0.37,0.373
